,individualID,Sex,sampleAge,sampleID2,collDate,collTime,NTXnM,uMidOC_ng_ml,SpecificGravity,creatinine,DOB,Collector,Substrate,CollectComments,assayDate.x,assayDate.y,Plate_U.MidOC,assay1value,assay1cv,assay2value,assay2cv,uMidOC_SG
1,Amina,Female,5.14,O159,2/10/2017,16:50:00,4302.2,23.368,1.025,3.844,12/20/2011,Jeremy,"V1: ground leaves
V2: leaves",1252 & 1261 id ,6/20/2018,6/20/2018,NA,NA,NA,NA,NA,0.374944581
2,Amina,Female,5.28,1025,4/1/2017,16:00:00,1786.4,21.429,1.015,2.852,12/20/2011,Rebecca,,,6/20/2018,6/20/2018,NA,NA,NA,NA,NA,0.347220426
3,Amina,Female,6.2,A308,3/4/2018,16:25:00,2594.2,19.482,1.024,6.583,12/20/2011,Izzi,"DryLeaf,LiveLeaf,",,6/20/2018,6/20/2018,NA,NA,NA,NA,NA,0.312898143
4,Amina,Female,6.27,A342,3/28/2018,13:37:00,1358.8,17.539,1.023,3.991,12/20/2011,Izzi,"DryLeaf,",,6/20/2018,6/20/2018,NA,NA,NA,NA,NA,0.281967204
6,Amina,Female,6.37,A488,5/4/2018,11:33:00,512.2,9.357,1.011,2.593,12/20/2011,Izzi,"DryLeaf,LiveLeaf,",,6/20/2018,6/20/2018,NA,NA,NA,NA,NA,0.152214097
7,Amina,Female,6.37,A489,5/4/2018,14:00:00,625.6,15.686,1.014,2.627,12/20/2011,Izzi,"DryLeaf,",,6/20/2018,6/20/2018,NA,NA,NA,NA,NA,0.254415554
8,Aretha,Female,42.83,A6,10/29/2017,12:04:00,146,0.991,1.008,2.57,1/1/1975,Aaron,"Ground,",,6/20/2018,6/20/2018,NA,NA,NA,NA,NA,0.016168976
9,Aretha,Female,43.07,A144,1/27/2018,9:57:00,153.8,0.719,1.008,2.78,1/1/1975,Izzi,"DryLeaf,LiveLeaf,",,6/20/2018,13-Dec-19,5,0.719,5.7,NA,NA,0.011731074
10,Aretha,Female,43.07,A144,1/27/2018,9:57:00,153.8,0.927,1.008,2.78,1/1/1975,Izzi,"DryLeaf,LiveLeaf,",,6/20/2018,6/20/2018,NA,NA,NA,NA,NA,0.015124764
11,Aretha,Female,43.1,A200,2/7/2018,9:35:00,428.4,0.088,1.018,3.847,1/1/1975,Izzi,"DryLeaf,LiveLeaf,",coughing/sneezing; estrus,6/20/2018,13-Dec-19,5,0.088,35.6,NA,NA,0.001421688
12,Aretha,Female,43.1,A200,2/7/2018,9:35:00,428.4,0.212,1.018,3.847,1/1/1975,Izzi,"DryLeaf,LiveLeaf,",coughing/sneezing; estrus,6/20/2018,6/20/2018,NA,NA,NA,NA,NA,0.003424976
13,Aretha,Female,43.28,A401,4/12/2018,14:41:00,334.2,1.795,1.014,2.792,1/1/1975,Izzi,"DryLeaf,",,6/20/2018,6/20/2018,NA,NA,NA,NA,NA,0.029113599
14,Aretha,Female,43.34,A493,5/6/2018,9:55:00,196.2,0.895,1.013,2.942,1/1/1975,Izzi,"LiveLeaf,",,6/20/2018,13-Dec-19,5,0.895,3.3,NA,NA,0.014530581
15,Aretha,Female,43.34,A493,5/6/2018,9:55:00,196.2,1.353,1.013,2.942,1/1/1975,Izzi,"LiveLeaf,",,6/20/2018,6/20/2018,NA,NA,NA,NA,NA,0.021966343
18,Ava,Female,8.84,A400,4/12/2018,13:40:00,1360.9,13.361,1.013,NA,6/10/2009,Izzi,"DryLeaf,LiveLeaf,",Running east away from  call of westerners nearby,6/23/2021,16-Dec-19,6,13.361,3.1,NA,NA,0.216919663
19,Baez,Female,15.1,O088,12/8/2016,13:55:00,1869,14.707,1.023,4.767,11/1/2001,Jeremy,"Leaf,",7824-29 ID ,6/19/2018,6/19/2018,NA,NA,NA,NA,NA,0.236438318
20,Baez,Female,16.21,A103,1/17/2018,13:53:00,761.8,4.877,1.02,3.189,11/1/2001,Godfrey,,,6/19/2018,6/19/2018,NA,NA,NA,NA,NA,0.078636104
21,Baez,Female,16.24,A148,1/28/2018,9:20:00,1713.6,11.961,1.024,6.871,11/1/2001,Izzi,"LiveLeaf,",Estrus,8/13/2021,6/19/2018,NA,NA,NA,NA,NA,0.192104234
22,Baez,Female,16.24,A148,1/28/2018,9:20:00,1684.6,11.961,1.024,6.871,11/1/2001,Izzi,"LiveLeaf,",Estrus,6/19/2018,6/19/2018,NA,NA,NA,NA,NA,0.192104234
23,Baez,Female,16.32,A274,2/25/2018,16:04:00,821,7.982,1.019,3.726,11/1/2001,Izzi,"DryLeaf,LiveLeaf,",Estrus,6/19/2018,6/19/2018,NA,NA,NA,NA,NA,0.128827015
24,Baez,Female,16.4,A335,3/27/2018,13:53:00,718.6,10.421,1.013,3.074,11/1/2001,Izzi,"DryLeaf,LiveLeaf,",Immediately after Wilson beat her up,8/13/2021,6/19/2018,NA,NA,NA,NA,NA,0.169187921
25,Baez,Female,16.4,A335,3/27/2018,13:53:00,574.6,10.421,1.013,3.074,11/1/2001,Izzi,"DryLeaf,LiveLeaf,",Immediately after Wilson beat her up,6/19/2018,6/19/2018,NA,NA,NA,NA,NA,0.169187921
26,Baez,Female,16.41,A353,3/30/2018,15:43:00,1043.2,12.057,1.019,4.137,11/1/2001,Izzi,"DryLeaf,LiveLeaf,",,6/19/2018,6/19/2018,NA,NA,NA,NA,NA,0.194596256
28,Baez,Female,16.55,A556,5/21/2018,13:50:00,401,8.403,1.007,NA,11/1/2001,Izzi,"LiveLeaf,",,6/19/2018,6/19/2018,NA,NA,NA,NA,NA,0.137237973
29,Bartoli,Female,34.26,O241,4/5/2017,13:50:00,441,2.958,1.014,3.643,1/1/1983,Jeremy,"Leaf,","

5373-78  ID ",6/19/2018,6/19/2018,NA,NA,NA,NA,NA,0.047976617
30,Bartoli,Female,35.04,A101,1/17/2018,11:30:00,1104.8,10.5,1.023,4.995,1/1/1983,Godfrey,,,6/19/2018,6/19/2018,NA,NA,NA,NA,NA,0.16880413
31,Bartoli,Female,35.07,A145,1/27/2018,11:33:00,219.9,1.904,1.007,NA,1/1/1983,Izzi,"LiveLeaf,",Vial2 collected from LL and DL,6/19/2018,6/19/2018,NA,NA,NA,NA,NA,0.031096168
32,Bartoli,Female,35.14,A255,2/21/2018,15:45:00,298,2.104,1.012,3.24,1/1/1983,Izzi,"DryLeaf,",,6/19/2018,6/19/2018,NA,NA,NA,NA,NA,0.034192797
33,Bartoli,Female,35.16,A297,3/2/2018,14:45:00,266.1,1.477,1.007,2.604,1/1/1983,Izzi,"LiveLeaf,",,6/19/2018,6/19/2018,NA,NA,NA,NA,NA,0.024122395
34,Bartoli,Female,35.26,A378,4/6/2018,13:37:00,236.6,3.328,1.008,2.628,1/1/1983,Izzi,"LiveLeaf,",,6/19/2018,6/19/2018,NA,NA,NA,NA,NA,0.054299045
36,Beryl,Female,18.18,201,3/8/2017,13:15:00,1245.6,5.559,1.013,3.409,1/1/1999,Jeremy,"Leaf,","3574 ID . Beryl was behaving somewhat strangely today. Found her alone screaming (she had been for about 30 minutes, based on when we first started hearing her from camp. She also never left the trees today, including when she was trying to keep up with the group (found her near D.5&4, then she travelled to F.5&4, finally ending north of F.5&2.5). ",6/19/2018,6/19/2018,NA,NA,NA,NA,NA,0.090251958
37,Beryl,Female,18.18,O203,3/8/2017,15:40:00,405,1.028,1.006,NA,1/1/1999,Jeremy,"V1: ground
V2: leaves",,6/19/2018,6/19/2018,NA,NA,NA,NA,NA,0.016806007
38,Beryl,Female,19.11,A216,2/11/2018,11:24:00,2286,36.403,1.01,2.866,1/1/1999,Izzi,"DryLeaf,Ground,",,6/19/2018,13-Dec-19,5,36.403,2.1,NA,NA,0.59276862
39,Beryl,Female,19.11,A216,2/11/2018,11:24:00,2286,59.7,1.01,2.866,1/1/1999,Izzi,"DryLeaf,Ground,",,6/19/2018,6/19/2018,NA,NA,NA,NA,NA,0.972125556
40,Beryl,Female,19.11,A221,2/11/2018,12:29:00,993.2,9.04,1.022,4.732,1/1/1999,Izzi,"DryLeaf,",,6/19/2018,6/19/2018,NA,NA,NA,NA,NA,0.145474522
41,Beryl,Female,19.16,A286,3/1/2018,9:55:00,380.4,2.483,1.008,2.949,1/1/1999,Izzi,"Bag,",,6/19/2018,6/19/2018,NA,NA,NA,NA,NA,0.040512178
42,Bronte,Female,14.77,O010,10/7/2016,8:30:00,1012.2,8.412,1.014,5.392,1/1/2002,Jeremy,"Leaf,",,6/19/2018,6/19/2018,NA,NA,NA,NA,NA,0.136436545
43,Bronte,Female,14.77,O011,10/7/2016,12:20:00,534.4,5.688,1.018,4.521,1/1/2002,Jeremy,"Leaf,",,6/19/2018,6/19/2018,NA,NA,NA,NA,NA,0.091892742
45,Bronte,Female,16.09,A174A,2/2/2018,10:25:00,321.2,2.868,1.01,2.582,1/1/2002,Izzi,"DryLeaf,LiveLeaf,",,6/19/2018,6/19/2018,NA,NA,NA,NA,NA,0.046701107
46,Bronte,Female,16.09,A175,2/2/2018,10:42:00,294.4,2.732,1.012,2.648,1/1/2002,Izzi,"DryLeaf,LiveLeaf,",,6/19/2018,6/19/2018,NA,NA,NA,NA,NA,0.044398632
47,Bronte,Female,16.21,A317,3/18/2018,9:35:00,375.8,4.052,1.007,3.02,1/1/2002,Izzi,"LiveLeaf,",,6/19/2018,6/19/2018,NA,NA,NA,NA,NA,0.06617735
48,Bronte,Female,16.36,A510,5/13/2018,11:55:00,350.6,3.52,1.01,4.11,1/1/2002,Izzi,"LiveLeaf,",,6/19/2018,6/19/2018,NA,NA,NA,NA,NA,0.057317956
49,Carson,Female,23.71,A47,12/21/2017,13:00:00,1611.1,6.865,1.023,NA,4/5/1994,Izzi,"DryLeaf,LiveLeaf,",No estrus,6/22/2021,11-Dec-19,1,6.865,0.1,NA,NA,0.110365748
50,Cate,Female,19.11,A431,4/19/2018,9:54:00,393.2,4.766,1.011,NA,3/10/1999,Charles,,,6/22/2021,11-Dec-19,1,4.766,0.8,NA,NA,0.077530447
51,Christine,Female,19.1,A381,4/7/2018,13:35:00,310.7,1.11,1.009,NA,3/1/1999,Izzi,"LiveLeaf,",,6/23/2021,11-Dec-19,1,1.201,21.2,1.11,0.2,0.01809261
52,Christine,Female,19.15,A470,4/26/2018,10:33:00,743.7,4.603,1.003,NA,3/1/1999,Izzi,"LiveLeaf,",,6/22/2021,11-Dec-19,1,4.603,0.2,NA,NA,0.075476099
53,Christine,Female,19.18,A496,5/6/2018,11:40:00,353.2,2.762,1.011,NA,3/1/1999,Izzi,"LiveLeaf,",,6/22/2021,11-Dec-19,1,2.762,1.1,NA,NA,0.044930569
54,Denis,Female,2.63,A26,12/2/2017,12:35:00,1484,10.672,1.007,NA,4/16/2015,Aaron,"LiveLeaf,",And Izzi; big party ,6/22/2021,16-Dec-19,6,10.672,1,NA,NA,0.174295329
55,Denis,Female,3.08,A516,5/14/2018,10:40:00,1051,7.9,1.004,NA,4/16/2015,Izzi,"DryLeaf,LiveLeaf,",,6/23/2021,16-Dec-19,6,7.9,2.1,NA,NA,0.129408494
56,Denis,Female,3.08,A517,5/14/2018,12:16:00,730.4,0.779,1.003,NA,4/16/2015,Izzi,"DryLeaf,LiveLeaf,Ground,",,6/23/2021,16-Dec-19,6,0.779,13.2,NA,NA,0.012773383
57,Ellen,Female,10.5,229,8/1/2016,16:10:00,2014,14.776,1.022,3.874,2/1/2006,Jacob,,,6/19/2018,6/19/2018,NA,NA,NA,NA,NA,0.237780037
58,Ellen,Female,10.77,O038,11/8/2016,15:05:00,3922.2,20.614,1.026,4.447,2/1/2006,Jeremy,"Leaf,","Ambrose ID 
5480",6/19/2018,6/19/2018,NA,NA,NA,NA,NA,0.330433685
59,Ellen,Female,10.99,O135,1/27/2017,11:15:24,4124.2,26.833,1.019,5.239,2/1/2006,Jeremy,"Leaf,",269 ID. In estrous,6/19/2018,6/19/2018,NA,NA,NA,NA,NA,0.433076332
60,Ellen,Female,10.99,O136,1/27/2017,13:00:00,2668.4,0.866,1.022,5.017,2/1/2006,Jeremy,"Vial 1: ground leaves
Vial2: leaf",269 ID. In estrous ,6/19/2018,6/19/2018,NA,NA,NA,NA,NA,0.013935944
61,Ellen,Female,11.09,O192,3/4/2017,15:50:00,1591.4,7.969,1.008,4.321,2/1/2006,Jeremy,"Leaf,",3187 ID ,6/19/2018,6/19/2018,NA,NA,NA,NA,NA,0.130020759
62,Ellen,Female,11.23,1125,4/24/2017,9:40:04,3467.4,21.514,1.028,6.315,2/1/2006,Rebecca,,,6/19/2018,6/19/2018,NA,NA,NA,NA,NA,0.34418937
63,Ellen,Female,11.33,1258,6/2/2017,13:16:14,1319.4,4.519,1.017,3.658,2/1/2006,Rebecca,,,6/19/2018,6/19/2018,NA,NA,NA,NA,NA,0.073078696
64,Ellen,Female,11.84,A27,12/3/2017,15:12:00,787.4,6.375,1.012,3.335,2/1/2006,Aaron,"DryLeaf,LiveLeaf,",Estrus 2; With Izzi ,6/19/2018,13-Dec-19,5,6.375,2.9,NA,NA,0.103602224
65,Ellen,Female,11.84,A27,12/3/2017,15:12:00,787.4,8.013,1.012,3.335,2/1/2006,Aaron,"DryLeaf,LiveLeaf,",Estrus 2; With Izzi ,6/19/2018,6/19/2018,NA,NA,NA,NA,NA,0.130221902
66,Ellen,Female,12.05,A238,2/19/2018,14:55:00,846.8,3.986,1.018,3.643,2/1/2006,Izzi,"DryLeaf,",Estrus; also collected fecal worms,6/19/2018,6/19/2018,NA,NA,NA,NA,NA,0.064396004
67,Ellen,Female,12.14,A325,3/23/2018,13:05:00,605.6,5.369,1.008,2.72,2/1/2006,Izzi,"DryLeaf,LiveLeaf,",After Pizan chased her up tree,6/19/2018,6/19/2018,NA,NA,NA,NA,NA,0.087599631
68,Elvira,Female,6.28,A567,5/24/2018,14:00:00,1793.5,9.531,1.022,NA,2/13/2012,Izzi,"LiveLeaf,",,6/23/2021,17-Dec-19,8,9.531,2.7,NA,NA,0.153375848
69,Emmy.Lou,Female,12.02,O047,11/9/2016,10:20:00,1139.8,15.509,1.006,NA,11/1/2004,Jeremy,"Bag,",Confirmed by Rachna,6/19/2018,6/19/2018,NA,NA,NA,NA,NA,0.253545098
70,Emmy.Lou,Female,12.03,580,11/13/2016,15:30:00,1430.6,32.083,1.011,3.144,11/1/2004,Natasha,,,6/19/2018,6/19/2018,NA,NA,NA,NA,NA,0.521907117
71,Emmy.Lou,Female,12.08,O073,12/2/2016,9:00:00,866,8.659,1.003,2.493,11/1/2004,Jeremy,"Bag,",7192-7200 ID ,6/19/2018,6/19/2018,NA,NA,NA,NA,NA,0.141982955
72,Emmy.Lou,Female,12.09,O082,12/3/2016,13:25:00,2470.2,19.901,1.014,3.555,11/1/2004,Jeremy,"Leaf,",7438-39 ID,6/19/2018,6/19/2018,NA,NA,NA,NA,NA,0.3227798
74,Emmy.Lou,Female,12.27,O157.2,2/9/2017,14:45:00,6253.4,17.884,1.024,5.868,11/1/2004,Jeremy,"V1: ground leaves 
V2: leaves ",1032 ID ,6/19/2018,6/19/2018,NA,NA,NA,NA,NA,0.28723285
75,Emmy.Lou,Female,12.38,O207,3/18/2017,14:50:00,3265,10.477,1.02,5.074,11/1/2004,Jeremy,"Ground,",3675 ID. In estrous ,6/19/2018,6/19/2018,NA,NA,NA,NA,NA,0.168929764
76,Emmy.Lou,Female,12.41,O235,3/29/2017,13:45:00,3156.6,20.341,1.016,3.561,11/1/2004,Jeremy,"Leaf,Bag,",4627 ID; In estrous,6/19/2018,6/19/2018,NA,NA,NA,NA,NA,0.329266839
77,Emmy.Lou,Female,12.46,1105,4/18/2017,17:03:00,1936,27.815,1.021,4.409,11/1/2004,Rebecca,,,6/19/2018,6/19/2018,NA,NA,NA,NA,NA,0.448046125
78,Emmy.Lou,Female,13.19,A67,1/9/2018,9:53:00,2694.6,33.607,1.029,4.822,11/1/2004,Aaron,"DryLeaf,LiveLeaf,",0; Aaron recorded 9:54,6/19/2018,6/19/2018,NA,NA,NA,NA,NA,0.537135398
79,Emmy.Lou,Female,13.41,A362,4/1/2018,16:27:00,687.6,14.077,1.016,4.086,11/1/2004,Izzi,"DryLeaf,",Estrus,6/19/2018,6/19/2018,NA,NA,NA,NA,NA,0.227869293
80,Emmy.Lou,Female,13.45,A413,4/15/2018,15:25:00,588.8,1.864,1.01,3.187,11/1/2004,Izzi,"Ground,DryLeaf,",,6/19/2018,13-Dec-19,5,1.864,2.3,NA,NA,0.030352463
81,Emmy.Lou,Female,13.45,A413,4/15/2018,15:25:00,588.8,3.509,1.01,3.187,11/1/2004,Izzi,"Ground,DryLeaf,",,6/19/2018,6/19/2018,NA,NA,NA,NA,NA,0.057138837
82,EttaJames,Female,6.34,1536,7/11/2017,13:18:04,1284.4,16.432,1.015,2.75,3/9/2011,Rebecca,,,6/19/2018,6/19/2018,NA,NA,NA,NA,NA,0.266252557
83,EttaJames,Female,6.86,A110,1/18/2018,12:35:00,1737,28.015,1.02,3.026,3/9/2011,Aaron,"DryLeaf,",Had been Ruth miliah and ? This morning ,6/19/2018,6/19/2018,NA,NA,NA,NA,NA,0.451710159
84,EttaJames,Female,7.04,A323,3/23/2018,12:40:00,1127,19.727,1.01,2.545,3/9/2011,Izzi,"DryLeaf,LiveLeaf,",,6/19/2018,6/19/2018,NA,NA,NA,NA,NA,0.321224805
85,EttaJames,Female,7.2,A553,5/20/2018,15:41:00,1105.4,14.608,1.011,2.632,3/9/2011,Izzi,"DryLeaf,",,6/19/2018,13-Dec-19,5,14.608,4.1,NA,NA,0.237634235
86,EttaJames,Female,7.2,A553,5/20/2018,15:41:00,1105.4,17.146,1.011,2.632,3/9/2011,Izzi,"DryLeaf,",,6/19/2018,6/19/2018,NA,NA,NA,NA,NA,0.278920906
87,EttaJames,Female,7.23,A604,5/31/2018,11:07:20,2167.2,21.94,1.019,3.171,3/9/2011,Izzi,"DryLeaf,LiveLeaf,",,6/19/2018,13-Dec-19,5,21.94,2.8,NA,NA,0.354104823
88,EttaJames,Female,7.23,A596,5/30/2018,12:28:00,2984.4,51.995,1.025,3.717,3/9/2011,Izzi,"LiveLeaf,",,6/19/2018,6/19/2018,NA,NA,NA,NA,NA,0.834270948
89,EttaJames,Female,7.23,A604,5/31/2018,11:07:20,2167.2,25.263,1.019,3.171,3/9/2011,Izzi,"DryLeaf,LiveLeaf,",,6/19/2018,6/19/2018,NA,NA,NA,NA,NA,0.407737017
90,Fisher,Female,13.19,921,3/5/2017,9:30:00,3111.8,0,1.019,5.5,12/26/2003,Rebecca,,,6/19/2018,6/19/2018,NA,NA,NA,NA,NA,0
91,Fisher,Female,13.23,945,3/18/2017,10:20:00,2597.2,0,1.016,4.816,12/26/2003,Rebecca,,,6/19/2018,6/19/2018,NA,NA,NA,NA,NA,0
92,Fisher,Female,13.24,974,3/24/2017,14:25:00,476.6,2.148,1.004,NA,12/26/2003,Rebecca,,,6/19/2018,6/19/2018,NA,NA,NA,NA,NA,0.035186006
93,Fisher,Female,13.37,1181,5/9/2017,18:05:13,1979.8,0,1.018,4.058,12/26/2003,Rebecca,,,6/19/2018,6/19/2018,NA,NA,NA,NA,NA,0
94,Fisher,Female,13.85,A12,10/31/2017,13:00:00,2496.6,0,1.025,4.748,12/26/2003,Aaron,"LiveLeaf,",Estrus 2; large party (40) during red colobus hunt ,6/19/2018,6/19/2018,NA,NA,NA,NA,NA,0
95,Fisher,Female,13.95,A30,12/8/2017,9:00:00,1727.2,0.945,1.017,3.505,12/26/2003,Izzi,"DryLeaf,LiveLeaf,",And Aaron ,6/19/2018,6/19/2018,NA,NA,NA,NA,NA,0.015282002
96,Fisher,Female,14.08,A124,1/22/2018,15:55:00,1236.6,0,1.033,6.531,12/26/2003,Izzi,"DryLeaf,Ground,LiveLeaf,",,6/19/2018,6/19/2018,NA,NA,NA,NA,NA,0
97,Fisher,Female,14.13,A208,2/10/2018,12:05:00,4565,0,1.03,7.499,12/26/2003,Izzi,"DryLeaf,",,6/19/2018,6/19/2018,NA,NA,NA,NA,NA,0
98,Fisher,Female,14.13,A213,2/11/2018,8:05:00,1854.2,0.433,1.019,4.001,12/26/2003,Izzi,"DryLeaf,LiveLeaf,",Small swelling,6/19/2018,6/19/2018,NA,NA,NA,NA,NA,0.006988486
99,Fisher,Female,14.15,A242,2/20/2018,13:39:00,1530.8,0.167,1.017,3.794,12/26/2003,Izzi,"DryLeaf,LiveLeaf,",Estrus,6/19/2018,6/19/2018,NA,NA,NA,NA,NA,0.002700629
100,Fisher,Female,14.19,A304,3/4/2018,9:43:00,1040.4,7.685,1.015,4.408,12/26/2003,Izzi,"DryLeaf,LiveLeaf,",Estrus,6/19/2018,6/19/2018,NA,NA,NA,NA,NA,0.124522328
101,Fisher,Female,14.3,A403,4/13/2018,12:00:00,2240.4,0.629,1.017,3.698,12/26/2003,Izzi,"DryLeaf,LiveLeaf,",,6/19/2018,6/19/2018,NA,NA,NA,NA,NA,0.01017183
102,Fisher,Female,14.32,A450,4/21/2018,14:07:00,1041,0,1.008,2.916,12/26/2003,Izzi,"Bag,LiveLeaf,",,6/19/2018,6/19/2018,NA,NA,NA,NA,NA,0
103,Fisher,Female,14.43,A617,6/2/2018,11:04:00,1778,0,1.022,4.936,12/26/2003,Izzi,"LiveLeaf,DryLeaf,",,6/19/2018,6/19/2018,NA,NA,NA,NA,NA,0
104,Fitzgerald,Female,49.11,A220,2/11/2018,12:28:00,746.1,1.164,1.019,NA,1/1/1969,Izzi,"DryLeaf,Ground,",Estrus,6/22/2021,16-Dec-19,6,1.164,4.5,NA,NA,0.0187866
105,Florence,Female,17.76,O091,12/13/2016,9:15:00,373.6,0.503,1.006,NA,3/11/1999,Jeremy,"Leaf,",8027 ID. In estrous,6/20/2018,6/20/2018,NA,NA,NA,NA,NA,0.008223173
106,Florence,Female,17.88,O134.2,1/26/2017,16:15:00,1531.2,2.953,1.036,9.835,3/11/1999,Jeremy,"Bag,","She had been coughing on and off. Left a natalensis at 12:30, drank water in a nearby stream, and then built a best in a different tree and was there for appx 2.5  hrs. 

0238 ID 

Vial 5: 2ml

Vial 6: 1.1ml    Vial 7: 2.0ml",6/20/2018,6/20/2018,NA,NA,NA,NA,NA,0.046878434
107,Florence,Female,17.92,O155,2/8/2017,15:40:46,1249,1.245,1.016,4.665,3/11/1999,Jeremy,"Ground,",0949 ID ,6/20/2018,6/20/2018,NA,NA,NA,NA,NA,0.020153248
108,Florence,Female,18.02,O211,3/19/2017,12:00:00,589.6,0.552,1.018,3.958,3/11/1999,Jeremy,"Ground,",3762 ID ,6/20/2018,6/20/2018,NA,NA,NA,NA,NA,0.008917861
109,Florence,Female,18.9,A183,2/3/2018,14:05:00,785.2,4.256,1.016,5.003,3/11/1999,Lawrence,,,6/20/2018,6/20/2018,NA,NA,NA,NA,NA,0.068893352
110,Francoise,Female,6.54,A243,2/20/2018,15:20:00,2486.7,22.541,1.018,NA,8/8/2011,Izzi,"DryLeaf,LiveLeaf,",,6/22/2021,16-Dec-19,6,22.541,5.2,NA,NA,0.36416215
112,Francoise,Female,6.7,A442,4/21/2018,8:06:00,1088.5,14.102,1.003,NA,8/8/2011,Izzi,"LiveLeaf,",,6/22/2021,16-Dec-19,6,14.102,2.2,NA,NA,0.231232663
113,Fricka,Female,5.99,A32,12/8/2017,13:25:00,736.8,8.236,1.007,NA,12/12/2011,Izzi,"DryLeaf,",Aaron 99% sure fricka ,6/20/2018,13-Dec-19,5,8.236,2.2,NA,NA,0.134510526
114,Fricka,Female,5.99,A32,12/8/2017,13:25:00,736.8,10.438,1.007,NA,12/12/2011,Izzi,"DryLeaf,",Aaron 99% sure fricka ,6/20/2018,6/20/2018,NA,NA,NA,NA,NA,0.170473636
115,Fricka,Female,6.08,A69,1/9/2018,15:26:00,3111.6,66.661,1.039,3.963,12/12/2011,Izzi,"DryLeaf,LiveLeaf,",,6/20/2018,6/20/2018,NA,NA,NA,NA,NA,1.055177884
116,Fricka,Female,6.09,A82,1/14/2018,13:52:00,1610.8,49.007,1.021,3.198,12/12/2011,Aaron,"DryLeaf,",Almost positive; she was defecating in front of me and I saw this urine ,6/20/2018,6/20/2018,NA,NA,NA,NA,NA,0.789408464
117,Fricka,Female,6.14,A157,1/30/2018,12:30:00,2951.2,63.255,1.02,4.047,12/12/2011,Izzi,"DryLeaf,Ground,",,6/20/2018,13-Dec-19,5,63.255,6.3,NA,NA,1.019915264
118,Fricka,Female,6.14,A157,1/30/2018,12:30:00,2951.2,69.151,1.02,4.047,12/12/2011,Izzi,"DryLeaf,Ground,",,6/20/2018,6/20/2018,NA,NA,NA,NA,NA,1.114981589
119,Fricka,Female,6.19,A232,2/18/2018,12:00:00,2243.6,23.938,1.017,3.316,12/12/2011,Izzi,"DryLeaf,",,6/20/2018,6/20/2018,NA,NA,NA,NA,NA,0.387111714
120,Fricka,Female,6.22,A302,3/3/2018,13:34:00,296.4,2.705,1.005,NA,12/12/2011,Izzi,"LiveLeaf,",,6/20/2018,6/20/2018,NA,NA,NA,NA,NA,0.044266034
121,Fricka,Female,6.22,A303,3/3/2018,14:50:00,373.6,3.221,1.005,NA,12/12/2011,Izzi,"LiveLeaf,",,6/20/2018,6/20/2018,NA,NA,NA,NA,NA,0.052710127
122,Fricka,Female,6.29,A336,3/27/2018,13:54:00,4662.8,49.267,1.028,4.567,12/12/2011,Izzi,"DryLeaf,",Right after Wilson displayed and beat up Baez nearby,6/20/2018,6/20/2018,NA,NA,NA,NA,NA,0.788192696
123,Fricka,Female,6.29,A337,3/27/2018,14:12:00,1124,27.677,1.009,2.548,12/12/2011,Izzi,"DryLeaf,",,6/20/2018,6/20/2018,NA,NA,NA,NA,NA,0.451125369
124,Fricka,Female,6.32,A376,4/6/2018,12:20:00,1069.6,5.576,1.007,NA,12/12/2011,Izzi,"LiveLeaf,",Alone but rejoined party right after (see Cannonball),6/20/2018,6/20/2018,NA,NA,NA,NA,NA,0.09106735
125,Fricka,Female,6.37,A474,4/26/2018,13:52:00,605.6,16.982,1.008,NA,12/12/2011,Izzi,"DryLeaf,LiveLeaf,",,6/20/2018,6/20/2018,NA,NA,NA,NA,NA,0.277075233
126,Fricka,Female,6.43,A530,5/18/2018,14:38:00,1940,49.445,1.018,2.9,12/12/2011,Izzi,"LiveLeaf,",,6/20/2018,6/20/2018,NA,NA,NA,NA,NA,0.798810944
127,Frida,Female,9.26,A492,5/6/2018,9:20:00,866.7,16.573,1.009,NA,2/1/2009,Aaron,"LiveLeaf,",,6/22/2021,11-Dec-19,1,16.573,7,NA,NA,0.270134073
129,Garbo,Female,62.07,A140,1/26/2018,13:45:00,172,0.922,1.01,2.767,1/1/1956,Izzi,"DryLeaf,LiveLeaf,",,6/20/2018,13-Dec-19,5,0.922,1.2,NA,NA,0.015013396
130,Garbo,Female,62.07,A140,1/26/2018,13:45:00,172,1.144,1.01,2.767,1/1/1956,Izzi,"DryLeaf,LiveLeaf,",,6/20/2018,6/20/2018,NA,NA,NA,NA,NA,0.018628336
131,Garbo,Female,62.22,A326,3/23/2018,14:43:00,NA,3.838,1.017,NA,1/1/1956,Izzi,"DryLeaf,",NA,NA,13-Dec-19,5,3.838,4.2,NA,NA,0.062065952
132,Garbo,Female,62.22,A326A,3/23/2018,14:43:00,427.4,3.856,1.017,4.292,1/1/1956,Izzi,"DryLeaf,",,6/20/2018,6/20/2018,NA,NA,NA,NA,NA,0.062357038
133,Garbo,Female,62.37,A525,5/17/2018,12:36:00,306.4,7.446,1.006,NA,1/1/1956,Izzi,"LiveLeaf,Log,",,6/20/2018,6/20/2018,NA,NA,NA,NA,NA,0.121729112
134,Harper,Female,65.12,O167.2,2/14/2017,14:20:00,802.8,0.885,1.017,4.214,1/1/1952,Jeremy,"V1: leaves
V2: ground leaves ","1593 ID 
",6/19/2018,6/19/2018,NA,NA,NA,NA,NA,0.014311716
135,Harper,Female,65.99,A59,12/28/2017,9:50:00,851,5.31,1.019,4.684,1/1/1952,Izzi,"LiveLeaf,DryLeaf,",,6/19/2018,6/19/2018,NA,NA,NA,NA,NA,0.08570176
136,Harper,Female,66.13,A231,2/18/2018,9:10:00,243,0.99,1.004,NA,1/1/1952,Izzi,"DryLeaf,LiveLeaf,",,6/19/2018,6/19/2018,NA,NA,NA,NA,NA,0.016217014
137,Harper,Female,66.36,A514,5/13/2018,16:40:00,616.2,4.712,1.026,4.027,1/1/1952,Izzi,"DryLeaf,",Not sure if she ever joined whole party within two hours prior ,6/19/2018,6/19/2018,NA,NA,NA,NA,NA,0.075531363
139,Harper,Female,66.4,A586A,5/28/2018,12:23:00,3000.8,24.386,1.025,8.703,1/1/1952,Izzi,"DryLeaf,LiveLeaf,",Vial B collected from big leaf puddle - diluted with rain,6/19/2018,6/19/2018,NA,NA,NA,NA,NA,0.39127861
140,Hester,Female,14.97,398,9/23/2016,17:07:00,864,10.733,1.015,3.412,10/5/2001,Natasha,,,6/19/2018,6/19/2018,NA,NA,NA,NA,NA,0.173909974
141,Hester,Female,15.06,O028,10/26/2016,15:30:00,913.4,8.059,1.01,NA,10/5/2001,Jeremy,"Leaf,",,6/19/2018,6/19/2018,NA,NA,NA,NA,NA,0.131228808
143,Hester,Female,15.25,O119,1/3/2017,14:25:00,702.3,3.31,1.008,2.588,10/5/2001,Jeremy,"Vial 1: leaf
Vial2: ground leaves (dirty)",9671 ID ,6/23/2021,6/19/2018,NA,NA,NA,NA,NA,0.05400536
144,Hester,Female,15.25,O115,1/3/2017,9:30:00,430.8,3.629,1.005,NA,10/5/2001,Jeremy,"Leaf,",9671 ID ,6/19/2018,6/19/2018,NA,NA,NA,NA,NA,0.059386853
145,Hester,Female,15.25,O116,1/3/2017,10:20:00,504.2,2.836,1.005,2.655,10/5/2001,Jeremy,"Leaf,",9671 ID ,6/19/2018,6/19/2018,NA,NA,NA,NA,NA,0.046409786
146,Hester,Female,15.25,O119,1/3/2017,14:25:00,465,3.31,1.008,2.588,10/5/2001,Jeremy,"Vial 1: leaf
Vial2: ground leaves (dirty)",9671 ID ,6/19/2018,6/19/2018,NA,NA,NA,NA,NA,0.05400536
147,Hester,Female,15.29,O125,1/20/2017,13:45:00,2375.2,3.216,1.015,3.412,10/5/2001,Jeremy,"Leaf,",9916 ID ,6/19/2018,6/19/2018,NA,NA,NA,NA,NA,0.052109799
148,Hester,Female,15.38,O169,2/20/2017,14:00:00,1417.8,6.654,1.005,2.86,10/5/2001,Jeremy,"Leaf,","1975 ID 
Estrous II",6/19/2018,6/19/2018,NA,NA,NA,NA,NA,0.108889534
149,Hester,Female,15.4,O186,3/1/2017,10:05:00,2485.2,25.982,1.014,4.588,10/5/2001,Jeremy,"Leaf,",2657 ID ,6/19/2018,6/19/2018,NA,NA,NA,NA,NA,0.421409213
150,Hester,Female,15.46,O215,3/21/2017,11:40:00,1774,18.694,1.018,4.924,10/5/2001,Jeremy,"Leaf,",3945 ID. In estrous.,6/19/2018,6/19/2018,NA,NA,NA,NA,NA,0.302011766
151,Hester,Female,15.51,O252,4/9/2017,11:10:00,887,11.845,1.017,4.089,10/5/2001,Jeremy,"Ground,",6120 ID ,6/19/2018,6/19/2018,NA,NA,NA,NA,NA,0.191550599
153,Jolie,Female,32.18,O204,3/9/2017,12:00:00,834.4,1.578,1.014,3.155,1/1/1985,Jeremy,"Ground,",3671 ID ,6/14/2018,6/14/2018,NA,NA,NA,NA,NA,0.025594017
154,Jolie,Female,32.25,O239,4/3/2017,13:15:00,1601.3,3.436,1.024,3.93,1/1/1985,Jeremy,"Ground,",4954-58 ID,6/14/2018,6/14/2018,NA,NA,NA,NA,NA,0.055185198
155,Jolie,Female,32.25,O240,4/3/2017,15:35:00,1203.5,3.133,1.024,3.807,1/1/1985,Jeremy,"Ground,",4954-58 ID,6/14/2018,6/14/2018,NA,NA,NA,NA,NA,0.05031875
156,Jolie,Female,33.15,A268,2/25/2018,13:15:00,797.5,7.902,1.02,3.699,1/1/1985,Izzi,"DryLeaf,LiveLeaf,",,6/14/2018,6/14/2018,NA,NA,NA,NA,NA,0.127410804
157,Jolie,Female,33.31,A471,4/26/2018,11:45:00,256.9,2.939,1.004,NA,1/1/1985,Izzi,"LiveLeaf,DryLeaf,",,6/14/2018,6/14/2018,NA,NA,NA,NA,NA,0.048143236
158,Joya,Female,5.7,1139,4/26/2017,16:20:18,5173.6,32.276,1.017,3.188,8/15/2011,Rebecca,,,6/19/2018,6/19/2018,NA,NA,NA,NA,NA,0.521949105
160,Joya,Female,6.52,A237,2/19/2018,10:47:00,1557.2,14.793,1.012,2.713,8/15/2011,Izzi,"DryLeaf,Ground,LiveLeaf,",,6/19/2018,6/19/2018,NA,NA,NA,NA,NA,0.240405914
161,Joya,Female,6.64,A371,4/5/2018,11:40:00,1461,17.17,1.016,2.54,8/15/2011,Izzi,"DryLeaf,LiveLeaf,",,6/19/2018,6/19/2018,NA,NA,NA,NA,NA,0.27793676
162,Joya,Female,6.67,A427,4/18/2018,14:10:00,1132,31.44,1.019,3.39,8/15/2011,Izzi,"DryLeaf,",,6/19/2018,6/19/2018,NA,NA,NA,NA,NA,0.507431889
163,Joya,Female,6.75,A524,5/17/2018,11:40:00,1647,29.374,1.017,3.081,8/15/2011,Izzi,"DryLeaf,LiveLeaf,",,6/19/2018,6/19/2018,NA,NA,NA,NA,NA,0.475019612
164,Joya,Female,6.76,A552,5/20/2018,13:47:00,3014.8,40.274,1.026,6.162,8/15/2011,Izzi,"LiveLeaf,DryLeaf,",,6/19/2018,6/19/2018,NA,NA,NA,NA,NA,0.645575155
165,Joya,Female,6.79,A610,5/31/2018,15:13:00,1631.2,32.651,1.02,3.197,8/15/2011,Izzi,"DryLeaf,",,6/19/2018,6/19/2018,NA,NA,NA,NA,NA,0.526460411
167,Julianne,Female,39.94,A34,12/11/2017,16:10:00,2936.3,5.021,1.027,NA,1/1/1978,Izzi,"LiveLeaf,DryLeaf,",,6/22/2021,17-Dec-19,8,5.021,1.8,NA,NA,0.080406134
168,Julianne,Female,40.23,A338,3/27/2018,15:06:00,232.6,1.668,1.013,NA,1/1/1978,Izzi,"DryLeaf,LiveLeaf,",Estrus,6/23/2021,17-Dec-19,8,1.668,2.1,NA,NA,0.027080458
169,Julianne,Female,40.4,A585,5/28/2018,12:00:00,270.8,4.234,1.016,NA,1/1/1978,Izzi,"DryLeaf,LiveLeaf,",,6/23/2021,17-Dec-19,8,4.234,0.6,NA,NA,0.06853723
170,Kaija,Female,7.25,A313,3/5/2018,12:40:00,7150.9,37.232,1.031,NA,12/5/2010,Izzi,"DryLeaf,LiveLeaf,",,6/22/2021,17-Dec-19,8,37.232,1.5,NA,NA,0.593918842
171,Kaija,Female,7.48,A592,5/30/2018,9:55:00,2436,46.15,1.018,NA,12/5/2010,Izzi,"LiveLeaf,",,6/23/2021,17-Dec-19,8,46.15,1.3,NA,NA,0.745578422
172,Khutulun,Female,15.36,O030,10/28/2016,12:45:00,955.2,4.319,1.005,NA,6/17/2001,Jeremy,"Leaf,","4650-52 ID
Charles also confirmed ",6/18/2018,6/18/2018,NA,NA,NA,NA,NA,0.070678373
173,Khutulun,Female,15.46,O077.2,12/3/2016,8:30:00,2293.9,13.832,1.015,3.545,6/17/2001,Jeremy,"Bag,",7303-19 ID,6/18/2018,6/18/2018,NA,NA,NA,NA,NA,0.224123988
174,Khutulun,Female,15.63,O150,2/2/2017,9:45:00,3331,20.155,1.017,4.873,6/17/2001,Jeremy,"Leaf,",0751 ID ,6/18/2018,6/18/2018,NA,NA,NA,NA,NA,0.32593519
175,Khutulun,Female,15.63,O153,2/3/2017,12:40:00,8167,11.408,1.025,7.053,6/17/2001,Jeremy,"Leaf,",0826 ID ,6/18/2018,6/18/2018,NA,NA,NA,NA,NA,0.183043811
176,Khutulun,Female,16.5,A40,12/17/2017,9:33:49,521,7.929,1.007,2.574,6/17/2001,Izzi,"Ground,DryLeaf,",,6/18/2018,6/18/2018,NA,NA,NA,NA,NA,0.129496595
177,Khutulun,Female,16.5,A41,12/17/2017,11:40:00,674.3,13.011,1.012,2.744,6/17/2001,Izzi,"DryLeaf,",,6/18/2018,6/18/2018,NA,NA,NA,NA,NA,0.211446046
178,Khutulun,Female,16.5,A42,12/17/2017,12:30:00,1257,21.623,1.018,3.277,6/17/2001,Izzi,"Ground,DryLeaf,LiveLeaf,",,6/18/2018,6/18/2018,NA,NA,NA,NA,NA,0.349331359
179,Khutulun,Female,16.51,A46,12/20/2017,15:45:00,1374.1,16.009,1.015,4.259,6/17/2001,Izzi,"LiveLeaf,DryLeaf,","Alone; late adolescent or young adult female; didnêt strike me as khutulun... But photo confirmed it was Khutulun - tube labeled ""Catalan""",6/18/2018,6/18/2018,NA,NA,NA,NA,NA,0.259398563
180,Khutulun,Female,16.82,A399,4/12/2018,12:34:00,1246.3,40.052,1.015,3.898,6/17/2001,Izzi,"DryLeaf,LiveLeaf,",,6/18/2018,6/18/2018,NA,NA,NA,NA,NA,0.648974404
181,Khutulun,Female,16.83,A418,4/16/2018,15:20:00,2410.6,18.036,1.033,6.165,6/17/2001,Izzi,"LiveLeaf,DryLeaf,",Unsure exactly when she arrived but seemed like right after most of party left ,6/18/2018,6/18/2018,NA,NA,NA,NA,NA,0.287150322
182,Kidman,Female,40.23,O222.2,3/26/2017,9:00:00,1535.4,7.549,1.017,4.044,1/1/1977,Jeremy,"Bag,","Still wheezing. ID confirmed by Charles. 
4322 ID ",6/14/2018,6/14/2018,NA,NA,NA,NA,NA,0.122078132
183,Kidman,Female,40.23,O223,3/26/2017,9:35:44,1341.6,7.4,1.016,4.628,1/1/1977,Jeremy,"Ground,",,6/14/2018,6/14/2018,NA,NA,NA,NA,NA,0.119786373
184,Kidman,Female,40.23,O224,3/26/2017,11:20:00,1562.3,4.551,1.014,4.029,1/1/1977,Jeremy,"Leaf,",,6/14/2018,6/14/2018,NA,NA,NA,NA,NA,0.073813922
185,Kidman,Female,40.23,O225,3/26/2017,11:50:00,1297.5,6.086,1.018,4.569,1/1/1977,Jeremy,"Leaf,",,6/14/2018,6/14/2018,NA,NA,NA,NA,NA,0.09832265
186,Kidman,Female,40.23,O226,3/26/2017,13:10:00,3108.3,6.515,1.021,6.12,1/1/1977,Jeremy,"Bag, ",,6/14/2018,6/14/2018,NA,NA,NA,NA,NA,0.104944113
187,Kidman,Female,41.16,A281,2/28/2018,10:10:00,381.7,1.068,1.008,2.509,1/1/1977,Izzi,"LiveLeaf,",~2 hours after infanticide,6/14/2018,6/14/2018,NA,NA,NA,NA,NA,0.017425294
188,Kozena,Female,4.29,170,6/27/2016,11:50:00,3435.6,34.726,1.021,3.617,3/12/2012,David,,,6/19/2018,6/19/2018,NA,NA,NA,NA,NA,0.559369036
189,Kozena,Female,4.44,255,8/18/2016,9:44:00,3544.2,35.091,1.022,4.555,3/12/2012,Jacob,,,6/19/2018,6/19/2018,NA,NA,NA,NA,NA,0.564695403
190,Kozena,Female,4.46,287,8/26/2016,14:26:00,3208.6,18.146,1.028,3.761,3/12/2012,Natasha,,,6/19/2018,6/19/2018,NA,NA,NA,NA,NA,0.290306791
191,Kozena,Female,4.97,909,3/2/2017,10:45:00,2035,32.9,1.013,2.926,3/12/2012,Rebecca,,,6/19/2018,6/19/2018,NA,NA,NA,NA,NA,0.534140927
192,Kozena,Female,4.98,O196,3/5/2017,11:35:50,1956,12.012,1.013,2.639,3/12/2012,Jeremy,"Leaf,Ground,",3357 ID ,6/19/2018,6/19/2018,NA,NA,NA,NA,NA,0.195018262
196,Leonora,Female,41.23,A334,3/27/2018,12:30:10,194.9,0.753,1.015,NA,1/1/1977,Izzi,"DryLeaf,LiveLeaf,",Estrus,6/23/2021,11-Dec-19,1,1.695,79.2,0.753,1.9,0.012201082
200,Miliah,Female,12.11,O018,10/13/2016,15:30:00,3091.4,19.996,1.02,3.824,9/1/2004,Jeremy,"Leaf,",,6/20/2018,6/20/2018,NA,NA,NA,NA,NA,0.322412863
201,Miliah,Female,12.19,O049,11/11/2016,10:20:00,5713.6,21.149,1.01,3.076,9/1/2004,Jeremy,"Leaf,","5620 ID
5630-31",6/20/2018,6/20/2018,NA,NA,NA,NA,NA,0.344379956
202,Miliah,Female,12.26,O085,12/5/2016,15:45:00,1942.2,7.603,1.009,2.72,9/1/2004,Jeremy,"Leaf,",7586-88 ID ,6/20/2018,6/20/2018,NA,NA,NA,NA,NA,0.123926227
203,Miliah,Female,12.27,O086,12/7/2016,10:15:00,12570,33.139,1.024,8.987,9/1/2004,Jeremy,"Leaf,",7671-74 ID,6/20/2018,6/20/2018,NA,NA,NA,NA,NA,0.532241636
204,Miliah,Female,12.4,O131,1/24/2017,11:35:13,4601.4,21.664,1.016,4.17,9/1/2004,Jeremy,"Leaf,",0144 ID ,6/20/2018,6/20/2018,NA,NA,NA,NA,NA,0.3506827
205,Miliah,Female,12.65,1147,4/27/2017,16:00:06,538,5.387,1.005,NA,9/1/2004,Rebecca,,,6/20/2018,6/20/2018,NA,NA,NA,NA,NA,0.088155683
206,Miliah,Female,12.72,1211,5/21/2017,16:12:25,2150.4,34.434,1.016,3.972,9/1/2004,Rebecca,,,6/20/2018,6/20/2018,NA,NA,NA,NA,NA,0.55739513
207,Miliah,Female,13.39,A129,1/23/2018,15:05:00,2703.2,21.872,1.02,5.26,9/1/2004,Izzi,"DryLeaf,LiveLeaf,",,6/20/2018,6/20/2018,NA,NA,NA,NA,NA,0.352661239
208,Miliah,Female,13.71,A521,5/17/2018,9:50:14,468.8,7.75,1.005,NA,9/1/2004,Izzi,"DryLeaf,LiveLeaf,",,6/20/2018,6/20/2018,NA,NA,NA,NA,NA,0.12682505
209,Naidu,Female,6.1,1087,4/13/2017,11:28:00,1641.5,4.848,1.005,NA,3/9/2011,Rebecca,,,6/14/2018,6/14/2018,NA,NA,NA,NA,NA,0.079335206
210,Naidu,Female,6.18,1191,5/13/2017,15:25:09,2949.5,32.072,1.013,2.71,3/9/2011,Rebecca,,,6/14/2018,6/14/2018,NA,NA,NA,NA,NA,0.52069811
211,Naidu,Female,6.18,1193,5/13/2017,16:48:43,2501,29.841,1.016,3.289,3/9/2011,Rebecca,,,6/14/2018,6/14/2018,NA,NA,NA,NA,NA,0.483046643
213,Naidu,Female,6.98,A296,3/2/2018,14:43:00,500.8,1.04,1.003,NA,3/9/2011,Izzi,"LiveLeaf,",,6/14/2018,6/14/2018,NA,NA,NA,NA,NA,0.01705304
214,Naidu,Female,7.2,A541,5/19/2018,13:35:00,2361.7,19.841,1.018,3.11,3/9/2011,Izzi,"DryLeaf,LiveLeaf,",,6/14/2018,6/14/2018,NA,NA,NA,NA,NA,0.320542177
215,Nina,Female,4.9,A328,3/24/2018,15:55:00,782.2,1.818,1.005,NA,5/1/2013,Izzi,"DryLeaf,LiveLeaf,",,6/22/2021,16-Dec-19,6,2.531,24.9,1.818,7.3,0.029750702
216,Nina,Female,4.97,A437,4/20/2018,10:45:00,1365.6,18.737,1.011,NA,5/1/2013,Izzi,"LiveLeaf,DryLeaf,",,6/22/2021,16-Dec-19,6,18.737,0.8,NA,NA,0.304802345
217,Nina,Female,4.98,A456,4/23/2018,11:15:00,2583.9,44.018,1.019,NA,5/1/2013,Izzi,"LiveLeaf,",,6/22/2021,16-Dec-19,6,44.018,3.3,NA,NA,0.710436924
219,Renata,Female,12.43,233,8/4/2016,12:45:00,9137.5,30.997,1.029,5.568,3/1/2004,David,,,6/19/2018,6/19/2018,NA,NA,NA,NA,NA,0.495420179
220,Renata,Female,12.79,O097,12/16/2016,16:20:00,3682.6,31.248,1.017,4.098,3/1/2004,Jeremy,"Leaf,",8380-84 ID. In estrous ,6/19/2018,6/19/2018,NA,NA,NA,NA,NA,0.505324874
221,Renata,Female,12.91,O137,1/28/2017,9:00:00,1295.2,1.91,1.005,NA,3/1/2004,Jeremy,"Bag,","Dark face, prominent brow. Looks like Renata 
0356 ID ",6/19/2018,6/19/2018,NA,NA,NA,NA,NA,0.031256238
222,Renata,Female,12.91,O138,1/28/2017,10:00:00,1437.8,4.844,1.008,NA,3/1/2004,Jeremy,"Leaf,",0356 ID ,6/19/2018,6/19/2018,NA,NA,NA,NA,NA,0.079033826
223,Renata,Female,12.92,O141,1/30/2017,10:50:00,3181.6,21.151,1.018,4.085,3/1/2004,Jeremy,"Leaf,",0483 ID ,6/19/2018,6/19/2018,NA,NA,NA,NA,NA,0.341705942
224,Renata,Female,12.98,O173,2/23/2017,16:10:00,7942.5,31.219,1.027,5.843,3/1/2004,Jeremy,"V1: leaf
V2: ground leaves",2314 ID ,6/19/2018,6/19/2018,NA,NA,NA,NA,NA,0.499940071
225,Renata,Female,13.05,955,3/20/2017,14:45:00,4855,27.617,1.023,4.679,3/1/2004,RD,L,,6/19/2018,6/19/2018,NA,NA,NA,NA,NA,0.443987016
226,Renata,Female,13.07,O221,3/25/2017,16:45:39,4149.6,20.254,1.037,5.016,3/1/2004,Jeremy,"Leaf,","No ID pic and determined it was Renata. Only other possibility was Tori, but she was away with mother. In estrous",6/19/2018,6/19/2018,NA,NA,NA,NA,NA,0.321219168
227,Renata,Female,14.06,A322,3/23/2018,10:45:00,3481.2,32.066,1.034,7.394,3/1/2004,Izzi,"LiveLeaf,DryLeaf,",,6/19/2018,6/19/2018,NA,NA,NA,NA,NA,0.51002757
228,Rosalind,Female,4.22,A259,2/22/2018,12:27:00,1615.8,16.033,1.016,NA,12/4/2013,Izzi,"DryLeaf,Ground,LiveLeaf,", Vial1 not collected from ground,6/22/2021,17-Dec-19,8,16.033,1,NA,NA,0.259531746
230,Ruth,Female,14.71,O066,11/26/2016,14:30:00,2715.6,15.229,1.016,4.281,3/12/2002,Jeremy,"Leaf,",ID by Ambrose. No picture. Slightly drizzling rain when collecting. ,6/19/2018,6/19/2018,NA,NA,NA,NA,NA,0.246517118
232,Ruth,Female,14.89,O143,1/31/2017,13:00:00,2395.6,3.926,1.014,3.289,3/12/2002,Jeremy,"Leaf,",0584-85 ID ,6/19/2018,6/19/2018,NA,NA,NA,NA,NA,0.063676875
233,Ruth,Female,15.08,O250,4/9/2017,9:50:00,1559.8,5.645,1.018,4.249,3/12/2002,Jeremy,"Leaf,","No photo, but ID by Rachna. Small swelling ",6/19/2018,6/19/2018,NA,NA,NA,NA,NA,0.091198054
235,Ruth,Female,15.91,A201A,2/7/2018,9:41:00,2698.8,18.307,1.021,5.923,3/12/2002,Izzi,"DryLeaf,",,6/19/2018,6/19/2018,NA,NA,NA,NA,NA,0.294890541
236,Ruth,Female,15.92,A214,2/11/2018,8:55:00,1976,16.209,1.019,3.865,3/12/2002,Izzi,"DryLeaf,",,6/19/2018,6/19/2018,NA,NA,NA,NA,NA,0.261608253
237,Ruth,Female,16.05,A356,3/31/2018,11:36:00,626.4,2.1,1.1,2.58,3/12/2002,Izzi,"DryLeaf,LiveLeaf,",,6/19/2018,6/19/2018,NA,NA,NA,NA,NA,0.031397568
238,Ruth,Female,16.11,A451,4/21/2018,14:25:00,687,7.045,1.011,2.744,3/12/2002,Izzi,"DryLeaf,",,6/19/2018,6/19/2018,NA,NA,NA,NA,NA,0.11460386
239,Sabin,Female,19.76,A187,2/4/2018,12:16:00,2013.2,14.079,1.028,NA,5/1/1998,Godfrey,,,6/22/2021,11-Dec-19,1,14.079,3,NA,NA,0.225241337
240,Sabin,Female,19.97,A434,4/19/2018,17:15:00,NA,0.949,1.003,NA,5/1/1998,Izzi,"LiveLeaf,",,6/22/2021,11-Dec-19,1,0.949,1.6,NA,NA,0.015560899
241,Sanger,Female,10.05,A433,4/19/2018,16:10:00,825.4,14.047,1.01,NA,4/1/2008,Izzi,"LiveLeaf,","Alone, last seen at noon with Dahlia family, Sabin, Carson, Senta, Richmond",6/22/2021,11-Dec-19,1,14.047,1.9,NA,NA,0.228734467
243,Sigourney,Female,42.27,A390,4/8/2018,15:30:00,NA,0.638,1.004,NA,1/1/1976,Izzi,"Bag,",,6/23/2021,11-Dec-19,1,0.638,1,NA,NA,0.010450964
245,Sutherland,Female,53.94,O090,12/10/2016,14:35:00,3041.7,5.046,1.019,6.304,1/1/1963,Jeremy,"Leaf, ",7931 ID,6/14/2018,6/14/2018,NA,NA,NA,NA,NA,0.081440881
246,Sutherland,Female,54.12,O166,2/14/2017,9:10:00,2755.9,1.404,1.013,3.93,1/1/1963,Jeremy,"Ground,",1572 ID ,6/14/2018,6/14/2018,NA,NA,NA,NA,NA,0.022794342
247,Sutherland,Female,54.24,O236,3/30/2017,13:30:00,1229.5,1.304,1.018,3.869,1/1/1963,Jeremy,"V1: leaf
V2: ground","4771 ID; slight swelling, based on pictures from body size photos from that day.  ",6/14/2018,6/14/2018,NA,NA,NA,NA,NA,0.021066831
248,Sutherland,Female,55.13,A228,2/17/2018,10:45:00,1231.6,1.694,1.017,3.702,1/1/1963,Izzi,"DryLeaf,",,6/14/2018,6/14/2018,NA,NA,NA,NA,NA,0.027394404
249,Sutherland,Female,55.15,A275,2/25/2018,16:35:00,991.3,0.9,1.016,3.831,1/1/1963,Izzi,"LiveLeaf,",Estrus,6/14/2018,6/14/2018,NA,NA,NA,NA,NA,0.014568613
251,Tori,Female,12.67,A370,4/4/2018,13:35:00,469.9,3.384,1.004,NA,8/1/2005,Izzi,"LiveLeaf,",Estrus,6/23/2021,11-Dec-19,1,3.384,8.8,NA,NA,0.055432702
255,Abrams,Male,18.12,A83,1/14/2018,17:07:40,1518.2,17.19,1.03,NA,12/1/1999,Aaron,"DryLeaf,LiveLeaf,",,6/22/2021,16-Dec-19,6,17.19,1,NA,NA,0.274478325
256,Abrams,Male,18.22,A234,2/18/2018,13:15:00,713.1,5.191,1.018,NA,12/1/1999,Izzi,"DryLeaf,",,6/22/2021,16-Dec-19,6,5.191,2,NA,NA,0.083863436
257,Abrams,Male,18.37,A406,4/13/2018,15:47:00,686.2,6.417,1.019,NA,12/1/1999,Izzi,"Bag,",,6/23/2021,16-Dec-19,6,6.572,NA,6.417,2.2,0.103568398
258,Abrams,Male,18.46,A543,5/19/2018,15:35:00,491.1,7.939,1.016,NA,12/1/1999,Izzi,"DryLeaf,LiveLeaf,",,6/23/2021,16-Dec-19,6,7.939,4.4,NA,NA,0.128511353
259,Abrams,Male,18.5,A618,6/2/2018,11:05:00,536.4,9.293,1.017,NA,12/1/1999,Izzi,"LiveLeaf,DryLeaf,",,6/23/2021,16-Dec-19,6,9.293,2.8,NA,NA,0.150281108
260,Bach,Male,7.41,74,5/1/2016,15:09:00,222.8,2.178,1.004,NA,12/1/2008,Jacob,,,6/20/2018,6/20/2018,NA,NA,NA,NA,NA,0.03567743
261,Bach,Male,7.41,75,5/1/2016,13:09:00,1128,14.906,1.021,3.119,12/1/2008,Jacob,,,6/20/2018,6/20/2018,NA,NA,NA,NA,NA,0.240106976
262,Bach,Male,8.94,A15,11/10/2017,7:15:00,835.6,3.589,1.004,NA,12/1/2008,Aaron,"LiveLeaf,",Rollins peed earlier in a similar spot so Iêm hoping this is distinctly Bach,6/20/2018,6/20/2018,NA,NA,NA,NA,NA,0.05879077
263,Bach,Male,8.97,A18,11/20/2017,13:20:00,3379.8,26.061,1.019,4.187,12/1/2008,Aaron,"DryLeaf,Ground,LiveLeaf,",,6/20/2018,6/20/2018,NA,NA,NA,NA,NA,0.42061649
264,Bach,Male,9.03,A35,12/13/2017,14:08:00,136,2.502,1.007,NA,12/1/2008,Aaron,"Ground,","Very clear, had been wading from stream and hour earlier ; some other chimps had been around 2 hours ago ; maybe 3 females and infants??",6/20/2018,6/20/2018,NA,NA,NA,NA,NA,0.040862717
265,Bach,Male,9.06,A53,12/24/2017,16:38:00,5858,27.402,1.022,3.724,12/1/2008,Aaron,"DryLeaf,LiveLeaf,",,6/20/2018,6/20/2018,NA,NA,NA,NA,NA,0.440961598
266,Bach,Male,9.14,A126,1/23/2018,10:50:00,4166.2,19.871,1.025,5.106,12/1/2008,Izzi,"DryLeaf,LiveLeaf,",,6/20/2018,6/20/2018,NA,NA,NA,NA,NA,0.318834465
267,Bach,Male,9.14,A128,1/23/2018,14:10:00,4128.6,23.993,1.029,6.615,12/1/2008,Izzi,"DryLeaf,LiveLeaf,",,6/20/2018,6/20/2018,NA,NA,NA,NA,NA,0.383476348
268,Bach,Male,9.15,A142,1/26/2018,16:44:00,613,3.402,1.004,NA,12/1/2008,Izzi,"DryLeaf,LiveLeaf,",,6/20/2018,13-Dec-19,5,3.402,1.8,NA,NA,0.055727556
269,Bach,Male,9.15,A142,1/26/2018,16:44:00,613,3.2,1.004,NA,12/1/2008,Izzi,"DryLeaf,LiveLeaf,",,6/20/2018,6/20/2018,NA,NA,NA,NA,NA,0.05241863
270,Bach,Male,9.31,A327,3/24/2018,13:55:00,536.2,8.543,1.011,2.507,12/1/2008,Izzi,"LiveLeaf,DryLeaf,",,6/20/2018,6/20/2018,NA,NA,NA,NA,NA,0.138972431
271,Bach,Male,9.38,A424,4/18/2018,10:43:00,1500.6,7.653,1.012,2.889,12/1/2008,Izzi,"LiveLeaf,",,6/20/2018,6/20/2018,NA,NA,NA,NA,NA,0.124371423
272,Bach,Male,9.38,A425,4/18/2018,11:30:00,346.2,7.026,1.005,NA,12/1/2008,Izzi,"DryLeaf,LiveLeaf,",,6/20/2018,6/20/2018,NA,NA,NA,NA,NA,0.114977136
273,Bach,Male,9.49,A597,5/30/2018,14:28:00,1352,16.327,1.018,2.811,12/1/2008,Izzi,"Ground,DryLeaf,LiveLeaf,",,6/20/2018,6/20/2018,NA,NA,NA,NA,NA,0.26377159
278,Barron,Male,16.88,A86,1/15/2018,10:12:00,679.7,0.079,1.01,NA,3/1/2001,Izzi,"DryLeaf,Ground,",,6/22/2021,16-Dec-19,6,0.079,1.3,NA,NA,0.001286397
282,Bartok,Male,44.94,A33,12/10/2017,16:00:00,256.5,1.021,1.011,NA,1/1/1973,Aaron,"Ground,",,6/22/2021,16-Dec-19,6,1.021,2.7,NA,NA,0.016609019
283,Bartok,Male,45.25,A363,4/2/2018,13:22:00,84.9,1.16,1.004,NA,1/1/1973,Izzi,"Bag,",,6/23/2021,16-Dec-19,6,1.16,0,NA,NA,0.019001753
284,Basie,Male,35.09,A177,2/3/2018,13:36:00,631.8,3.7,1.021,4.044,1/1/1983,Izzi,"DryLeaf,Ground,",,6/18/2018,6/18/2018,NA,NA,NA,NA,NA,0.05959988
285,Basie,Male,35.13,A229,2/17/2018,13:39:00,1761.3,2.548,1.022,5.964,1/1/1983,Izzi,"DryLeaf,LiveLeaf,",,8/13/2021,6/18/2018,NA,NA,NA,NA,NA,0.041003217
286,Basie,Male,35.13,A229,2/17/2018,13:39:00,678.5,2.548,1.022,5.964,1/1/1983,Izzi,"DryLeaf,LiveLeaf,",,6/18/2018,6/18/2018,NA,NA,NA,NA,NA,0.041003217
287,Basie,Male,35.14,A244,2/20/2018,15:33:00,322.9,1.406,1.014,3.42,1/1/1983,Izzi,"DryLeaf,LiveLeaf,",,6/18/2018,6/18/2018,NA,NA,NA,NA,NA,0.022804301
288,Basie,Male,35.14,A249,2/20/2018,18:05:00,588,1.289,1.017,5.676,1/1/1983,Aaron,"DryLeaf,Ground,",,6/18/2018,6/18/2018,NA,NA,NA,NA,NA,0.020844974
290,Basie,Male,35.3,A448,4/21/2018,12:50:00,356.2,1.389,1.005,2.655,1/1/1983,Izzi,"DryLeaf,",,6/18/2018,6/18/2018,NA,NA,NA,NA,NA,0.022730322
291,Basie,Male,35.4,A590,5/28/2018,15:24:00,726,12,1.017,3.481,1/1/1983,Izzi,"DryLeaf,",,6/18/2018,6/18/2018,NA,NA,NA,NA,NA,0.194057171
294,BillyBragg,Male,12.97,A48,12/22/2017,10:38:00,6438.3,27.668,1.029,NA,1/1/2005,Aaron/Izzi,"DryLeaf,LiveLeaf,",Eating blue monkey corpse ,6/22/2021,12-Dec-19,2,18.988,16.1,27.668,4,0.442213295
295,BillyBragg,Male,13.17,A312,3/5/2018,12:05:00,875.4,2.028,1.008,NA,1/1/2005,Izzi,"DryLeaf,LiveLeaf,",,6/22/2021,12-Dec-19,2,1.824,14.8,2.028,1.4,0.03308848
296,BillyBragg,Male,13.26,A372,4/5/2018,14:14:00,1599.4,8.912,1.011,NA,1/1/2005,Izzi,"DryLeaf,LiveLeaf,",,6/23/2021,12-Dec-19,2,8.912,1.5,NA,NA,0.144975103
297,BillyBragg,Male,13.29,A430,4/18/2018,15:30:00,1545.4,11.269,1.025,NA,1/1/2005,Izzi,"DryLeaf,",,6/22/2021,12-Dec-19,2,11.269,7.8,NA,NA,0.180813527
298,BillyBragg,Male,13.37,A523,5/17/2018,10:45:00,806.8,3.231,1.005,NA,1/1/2005,Izzi,"DryLeaf,LiveLeaf,",,6/23/2021,12-Dec-19,2,2.326,26.8,3.231,7,0.052873773
299,BillyBragg,Male,13.41,A593,5/30/2018,10:20:00,1439.8,9.253,1.015,NA,1/1/2005,Izzi,"DryLeaf,",,6/23/2021,12-Dec-19,2,9.253,11,NA,NA,0.149929096
300,BillyBragg,Male,13.41,A602,5/31/2018,9:44:00,1740.3,10.367,1.02,NA,1/1/2005,Izzi,"DryLeaf,",,6/23/2021,12-Dec-19,2,10.367,0.3,NA,NA,0.167156139
301,BobiWine,Male,7.7,A305,3/4/2018,10:15:00,1318.1,15.391,1.012,NA,6/20/2010,Izzi,"DryLeaf,LiveLeaf,",,6/22/2021,11-Dec-19,1,15.391,4.4,NA,NA,0.250124209
303,Booker,Male,15.54,A11,10/30/2017,18:45:00,1531.9,29.227,1.019,NA,4/15/2002,Aaron,"Bag,",A11- Mucuso at camp ,6/22/2021,12-Dec-19,2,29.227,13.6,NA,NA,0.471714753
304,Booker,Male,15.59,A17,11/17/2017,9:40:00,1994.4,30.865,1.017,NA,4/15/2002,Aaron,"LiveLeaf,",,6/22/2021,12-Dec-19,2,30.865,1.1,NA,NA,0.499131216
305,Booker,Male,15.68,A43,12/18/2017,11:10:00,1491.3,35.225,1.019,NA,4/15/2002,Izzi,"Ground,DryLeaf,",Add big party although leaving it and now alone ,6/22/2021,12-Dec-19,2,35.225,0.3,NA,NA,0.56852062
306,Booker,Male,15.79,A153,1/30/2018,10:30:00,2029.9,19.031,1.029,NA,4/15/2002,Izzi,"DryLeaf,",,6/22/2021,12-Dec-19,2,19.031,6.8,NA,NA,0.304169482
307,Booker,Male,15.85,A247,2/20/2018,17:07:00,552.5,1.415,1.006,NA,4/15/2002,Izzi,"DryLeaf,",Right after hearing westerns call,6/22/2021,12-Dec-19,2,1.415,6.1,NA,NA,0.023132782
308,Booker,Male,15.99,A405,4/13/2018,15:20:00,1033.5,17.841,1.017,NA,4/15/2002,Izzi,"LiveLeaf,",,6/23/2021,12-Dec-19,2,17.841,3.6,NA,NA,0.288514499
309,Booker,Male,16.08,A511,5/13/2018,13:23:00,1286.2,17.916,1.015,NA,4/15/2002,Izzi,"DryLeaf,",,6/23/2021,12-Dec-19,2,17.916,4.1,NA,NA,0.290298248
310,Booker,Male,16.08,A515,5/14/2018,9:38:00,855.4,25.471,1.014,NA,4/15/2002,Izzi,"LiveLeaf,",,6/23/2021,12-Dec-19,2,25.471,2.2,NA,NA,0.413121164
311,Booker,Male,16.09,A533,5/18/2018,10:33:00,749.2,15.346,1.014,NA,4/15/2002,Aaron,"Ground,DryLeaf,",,6/23/2021,12-Dec-19,2,15.346,8.9,NA,NA,0.248901
314,Bosko,Male,15.29,A416,4/16/2018,14:10:00,1288.8,3.507,1.029,NA,1/1/2003,Izzi,"Bag,",,6/23/2021,12-Dec-19,2,3.507,7.7,NA,NA,0.05605183
316,Bosko,Male,15.31,A460,4/25/2018,9:22:16,162.1,1.325,1.004,NA,1/1/2003,Izzi,"LiveLeaf,",Approaching tree alone - I could only see Mulligan already in tree,6/22/2021,12-Dec-19,2,1.325,0.8,NA,NA,0.021704589
317,Bosko,Male,15.31,A463,4/25/2018,13:00:00,207.3,1.999,1.006,NA,1/1/2003,Izzi,"LiveLeaf,",,6/22/2021,12-Dec-19,2,1.999,4.8,NA,NA,0.032680163
318,Bosko,Male,15.35,A500,5/8/2018,15:00:00,541.7,0.821,1.008,NA,1/1/2003,Aaron,"LiveLeaf,",,6/22/2021,12-Dec-19,2,0.821,5.3,NA,NA,0.013395287
319,Bosko,Male,15.39,A565,5/23/2018,11:44:00,488.8,15.321,1.014,NA,1/1/2003,Izzi,"DryLeaf,",,6/23/2021,12-Dec-19,2,15.321,0.4,NA,NA,0.248495518
320,Bosko,Male,15.39,A568,5/25/2018,9:31:00,971.2,22.371,1.02,NA,1/1/2003,Izzi,"DryLeaf,LiveLeaf,",,6/23/2021,12-Dec-19,2,22.371,4.8,NA,NA,0.360707049
321,Bosko,Male,15.4,A577,5/27/2018,10:51:00,793.8,14.978,1.018,NA,1/1/2003,Izzi,"DryLeaf,",,6/23/2021,12-Dec-19,2,14.978,6.9,NA,NA,0.24197776
322,Brownface,Male,51.96,A39,12/16/2017,15:24:34,1664.3,3.653,1.025,3.534,1/1/1966,Izzi,"Ground,DryLeaf,",,6/14/2018,6/14/2018,NA,NA,NA,NA,NA,0.05861317
323,Brownface,Male,52.02,A68,1/9/2018,9:55:00,1242.7,14.478,1.02,4.147,1/1/1966,Izzi,"DryLeaf,LiveLeaf,",,6/14/2018,6/14/2018,NA,NA,NA,NA,NA,0.233441359
324,Brownface,Male,52.05,A115,1/21/2018,12:28:00,2530,11.402,1.04,6.04,1/1/1966,Izzi,"DryLeaf,Ground,LiveLeaf,",,6/14/2018,6/14/2018,NA,NA,NA,NA,NA,0.180308874
325,Brownface,Male,52.05,A118A,1/21/2018,17:40:00,2117.9,4.377,1.032,6.275,1/1/1966,Izzi,"DryLeaf,Ground,","SG: 1.033, 1.032, 1.032",6/14/2018,6/14/2018,NA,NA,NA,NA,NA,0.06975354
326,Brownface,Male,52.06,A125,1/22/2018,17:38:00,2322.3,6.148,1.043,5.306,1/1/1966,Izzi,"DryLeaf,Ground,",,6/14/2018,6/14/2018,NA,NA,NA,NA,NA,0.096943558
327,Brownface,Male,52.23,A330,3/27/2018,8:06:00,1463.2,15.759,1.015,4.25,1/1/1966,Charles,"Ground,",,6/14/2018,6/14/2018,NA,NA,NA,NA,NA,0.255347739
329,Buckner,Male,18.06,A127,1/23/2018,12:50:00,750.8,15.376,1.005,NA,1/1/2000,Izzi,"DryLeaf,",,6/22/2021,11-Dec-19,1,15.376,5.4,NA,NA,0.2516209
330,Buckner,Male,18.06,A130,1/23/2018,15:28:00,895.5,4.534,1.022,NA,1/1/2000,Izzi,"DryLeaf,Ground,",,6/22/2021,11-Dec-19,1,3.315,25.4,4.534,1.8,0.072962553
332,Cannonball,Male,9.29,567,11/12/2016,10:35:00,1585.7,26.806,1.006,0.779,7/30/2007,Natasha,,,6/18/2018,6/18/2018,NA,NA,NA,NA,NA,0.438231343
333,Cannonball,Male,9.39,O104,12/20/2016,9:45:00,2731.7,13.207,1.006,0.858,7/30/2007,Jeremy,"Leaf,",Was rachna's focal at the time ,6/18/2018,6/18/2018,NA,NA,NA,NA,NA,0.215911413
334,Cannonball,Male,9.69,O244,4/8/2017,14:20:00,NA,24.376,1.021,5.166,7/30/2007,Jeremy,"Ground,",5940 ID ,6/18/2018,6/18/2018,NA,NA,NA,NA,NA,0.392650452
336,Cannonball,Male,10.45,A70,1/9/2018,15:50:00,4870.8,32.144,1.036,5.212,7/30/2007,Izzi,"DryLeaf,LiveLeaf,",,6/18/2018,6/18/2018,NA,NA,NA,NA,NA,0.510281199
337,Cannonball,Male,10.46,A84,1/15/2018,9:40:00,2370.1,20.544,1.015,4.171,7/30/2007,Izzi,"DryLeaf,LiveLeaf,",Izzi IDed but Aaron never saw him,6/18/2018,6/18/2018,NA,NA,NA,NA,NA,0.332880509
338,Cannonball,Male,10.54,A215,2/11/2018,10:10:00,2516.6,31.95,1.017,3.79,7/30/2007,Izzi,"DryLeaf,Ground,",,6/18/2018,6/18/2018,NA,NA,NA,NA,NA,0.516677218
339,Cannonball,Male,10.56,A241,2/20/2018,13:38:00,1423.2,18.101,1.013,3.094,7/30/2007,Izzi,"DryLeaf,",,6/18/2018,6/18/2018,NA,NA,NA,NA,NA,0.293874922
341,Cannonball,Male,10.68,A367,4/3/2018,11:30:00,5677.5,36.405,1.035,4.821,7/30/2007,Izzi,"DryLeaf,LiveLeaf,",,6/18/2018,6/18/2018,NA,NA,NA,NA,NA,0.578482318
343,Cannonball,Male,10.69,A377,4/6/2018,12:50:00,2719.8,23.442,1.014,3.209,7/30/2007,Izzi,"DryLeaf,LiveLeaf,","Party scattered into a few subgroups, may have been with others before I arrived ",6/18/2018,6/18/2018,NA,NA,NA,NA,NA,0.380212254
344,Cannonball,Male,10.7,A408,4/13/2018,16:10:00,2718.4,31.089,1.021,3.458,7/30/2007,Izzi,"DryLeaf,LiveLeaf,",,6/18/2018,6/18/2018,NA,NA,NA,NA,NA,0.500783964
345,Cannonball,Male,10.71,A414,4/15/2018,16:08:00,1338.5,14.006,1.009,0.823,7/30/2007,Izzi,"DryLeaf,",,6/18/2018,6/18/2018,NA,NA,NA,NA,NA,0.228292876
346,Cannonball,Male,10.74,A468,4/26/2018,10:24:00,865.8,7.197,1.004,0.14,7/30/2007,Izzi,"LiveLeaf,",,6/18/2018,6/18/2018,NA,NA,NA,NA,NA,0.117892776
347,Cannonball,Male,10.75,A475,4/29/2018,8:05:00,2473.4,38.145,1.01,3.216,7/30/2007,Izzi,"DryLeaf,LiveLeaf,",,6/18/2018,6/18/2018,NA,NA,NA,NA,NA,0.621134495
348,Cannonball,Male,10.76,A487,5/4/2018,8:50:00,3166.6,36.4,1.02,4.565,7/30/2007,Izzi,"DryLeaf,LiveLeaf,",,6/18/2018,6/18/2018,NA,NA,NA,NA,NA,0.586908792
349,Cannonball,Male,10.77,A497,5/6/2018,11:41:01,1255.4,15.212,1.011,2.925,7/30/2007,Izzi,"DryLeaf,",May have been stepped on,6/18/2018,6/18/2018,NA,NA,NA,NA,NA,0.247459747
350,Carter,Male,28.05,A114,1/20/2018,9:50:00,1618.4,15.393,1.022,5.21,1/1/1990,Izzi,"DryLeaf,Ground,",,6/18/2018,6/18/2018,NA,NA,NA,NA,NA,0.247708995
351,Carter,Male,28.1,A189,2/5/2018,11:58:00,1627.2,13.187,1.024,6.982,1/1/1990,Godfrey,,,6/18/2018,6/18/2018,NA,NA,NA,NA,NA,0.211794878
352,Carter,Male,28.13,A226,2/17/2018,9:58:00,1265.6,15.264,1.023,4.677,1/1/1990,Izzi,"DryLeaf,",,6/18/2018,6/18/2018,NA,NA,NA,NA,NA,0.245392976
353,Carter,Male,28.13,A233,2/18/2018,12:15:00,1403.4,12.916,1.024,6.825,1/1/1990,Izzi,"DryLeaf,Ground,",,6/18/2018,6/18/2018,NA,NA,NA,NA,NA,0.207442378
354,Carter,Male,28.14,A253,2/21/2018,13:55:00,1065.2,5.345,1.017,4.846,1/1/1990,Izzi,"DryLeaf,",,6/18/2018,6/18/2018,NA,NA,NA,NA,NA,0.086436298
355,Carter,Male,28.24,A345,3/28/2018,17:00:00,1055.9,6.461,1.013,4.06,1/1/1990,Izzi,"LiveLeaf,",,6/18/2018,6/18/2018,NA,NA,NA,NA,NA,0.104896186
356,Carter,Male,28.24,A351,3/29/2018,17:50:00,898.7,5.793,1.019,3.693,1/1/1990,Aaron,"DryLeaf,LiveLeaf,",,6/18/2018,6/18/2018,NA,NA,NA,NA,NA,0.093497231
357,Carter,Male,28.28,A412,4/15/2018,11:59:00,1443,22.675,1.013,5.074,1/1/1990,Izzi,"LiveLeaf,",,6/18/2018,6/18/2018,NA,NA,NA,NA,NA,0.368135122
358,Carter,Male,28.3,A443,4/21/2018,9:15:00,NA,4.76,1.003,NA,1/1/1990,Izzi,"DryLeaf,LiveLeaf,",,6/18/2018,6/18/2018,NA,NA,NA,NA,NA,0.078050452
359,Carter,Male,28.37,A520,5/15/2018,14:22:00,1203.6,17.108,1.014,4.429,1/1/1990,Izzi,"LiveLeaf,",,6/18/2018,6/18/2018,NA,NA,NA,NA,NA,0.277479364
360,Cash,Male,25.12,A225,2/15/2018,10:20:00,1154.9,17.243,1.015,NA,1/1/1993,Izzi,"DryLeaf,",,6/22/2021,11-Dec-19,1,17.243,4.3,NA,NA,0.27939343
361,Cedar,Male,5.11,A505,5/12/2018,12:45:00,944.3,7.908,1.007,NA,4/1/2013,Izzi,"LiveLeaf,DryLeaf,",,6/22/2021,17-Dec-19,8,7.908,1.7,NA,NA,0.129153623
364,Chopin,Male,16.99,A60,12/28/2017,12:59:00,740,6.419,1.007,NA,1/1/2001,Izzi,"DryLeaf,Ground,",,6/22/2021,12-Dec-19,3,6.419,2.8,NA,NA,0.104835243
365,Chopin,Male,16.99,A61,12/29/2017,14:37:00,1674.2,18.546,1.025,NA,1/1/2001,Izzi,"DryLeaf,LiveLeaf,",Alone,6/22/2021,12-Dec-19,3,18.546,5.7,NA,NA,0.297574555
366,Chopin,Male,17.02,A66,1/9/2018,9:52:13,1702.5,14.127,1.018,NA,1/1/2001,Aaron,"DryLeaf,LiveLeaf,",,6/22/2021,12-Dec-19,3,14.127,2.2,NA,NA,0.22822939
367,Chopin,Male,17.12,A224,2/15/2018,8:15:00,1860.5,12.417,1.017,NA,1/1/2001,Izzi,"DryLeaf,LiveLeaf,",,6/22/2021,12-Dec-19,3,12.417,4,NA,NA,0.200800658
368,Chopin,Male,17.14,A240,2/20/2018,8:38:00,1261.4,13.268,1.016,NA,1/1/2001,Izzi,"LiveLeaf,",,6/22/2021,12-Dec-19,3,13.268,0.9,NA,NA,0.214773729
369,Chopin,Male,17.21,A319,3/18/2018,13:40:00,384.8,1.07,1.004,NA,1/1/2001,Izzi,"LiveLeaf,",,6/22/2021,12-Dec-19,3,1.07,5.7,NA,NA,0.01752748
370,Chopin,Male,17.26,A380,4/7/2018,12:00:00,416.1,3.261,1.006,NA,1/1/2001,Aaron,"DryLeaf,LiveLeaf,",rain,6/23/2021,12-Dec-19,3,3.261,3.6,NA,NA,0.053311662
371,Chopin,Male,17.34,A494,5/6/2018,10:40:00,423.3,1.281,1.007,NA,1/1/2001,Izzi,"LiveLeaf,DryLeaf,",,6/22/2021,12-Dec-19,3,1.281,2.1,NA,NA,0.020921319
372,Chopin,Male,17.38,A557,5/21/2018,13:57:00,328,4.533,1.006,0,1/1/2001,Izzi,"DryLeaf,LiveLeaf,",,6/20/2018,6/20/2018,NA,NA,NA,NA,NA,0.074106643
373,Clayton,Male,7.95,A90,1/15/2018,14:00:00,1913.3,15.121,1.025,NA,2/1/2010,Aaron,"DryLeaf,LiveLeaf,",,6/22/2021,17-Dec-19,8,15.121,1.3,NA,NA,0.242619694
378,Damien,Male,11.48,A51,12/23/2017,17:26:00,2434,23.506,1.022,NA,7/1/2006,Aaron/Izzi,"DryLeaf,LiveLeaf,",,6/22/2021,12-Dec-19,3,23.506,7.1,NA,NA,0.378265941
379,Damien,Male,11.55,A105,1/17/2018,13:30:00,2595.9,28.98,1.026,NA,7/1/2006,Charles,,,6/22/2021,12-Dec-19,3,28.98,1.8,NA,NA,0.46453712
380,Damien,Male,11.55,A109,1/18/2018,12:48:00,1115.7,24.983,1.016,NA,7/1/2006,Aaron,"LiveLeaf,",Vial2 collected from DryLeaf,6/22/2021,12-Dec-19,3,24.983,4.7,NA,NA,0.404408507
381,Damien,Male,11.57,A141,1/26/2018,15:08:00,864.7,7.711,1.008,NA,7/1/2006,Izzi,"DryLeaf,LiveLeaf,",,6/22/2021,12-Dec-19,3,7.711,1.3,NA,NA,0.125811278
382,Damien,Male,11.6,A185,2/4/2018,10:37:00,3941.7,39.852,1.024,NA,7/1/2006,Izzi,"DryLeaf,LiveLeaf,",,6/22/2021,12-Dec-19,3,39.852,5.5,NA,NA,0.640058351
384,Damien,Male,11.88,A527,5/18/2018,10:08:00,3109.9,31.606,1.025,NA,7/1/2006,Izzi,"LiveLeaf,DryLeaf,",,6/23/2021,12-Dec-19,3,31.606,6.2,NA,NA,0.507125062
385,Dexter,Male,32.82,A4,10/28/2017,15:55:00,373.2,9.785,1.025,3.24,1/1/1985,Aaron,"LiveLeaf,",,6/19/2018,6/19/2018,NA,NA,NA,NA,NA,0.157002428
386,Dexter,Male,32.99,A62,12/30/2017,10:50:00,657.6,6.146,1.029,3.804,1/1/1985,Izzi,"DryLeaf,LiveLeaf,",,8/13/2021,6/19/2018,NA,NA,NA,NA,NA,0.098230552
387,Dexter,Male,32.99,A62,12/30/2017,10:50:00,385.6,6.146,1.029,3.804,1/1/1985,Izzi,"DryLeaf,LiveLeaf,",,6/19/2018,6/19/2018,NA,NA,NA,NA,NA,0.098230552
389,Dexter,Male,33.16,A285,2/28/2018,13:46:08,226.4,1.036,1.005,NA,1/1/1985,Izzi,"DryLeaf,Ground,",,6/19/2018,6/19/2018,NA,NA,NA,NA,NA,0.016953645
390,Dexter,Male,33.25,A366,4/3/2018,9:55:00,1359.2,23.744,1.026,6.827,1/1/1985,Izzi,"DryLeaf,",,6/19/2018,6/19/2018,NA,NA,NA,NA,NA,0.380606259
391,Dexter,Male,33.31,A467,4/26/2018,9:56:00,690,14.939,1.009,3.383,1/1/1985,Aaron,"DryLeaf,",,6/19/2018,6/19/2018,NA,NA,NA,NA,NA,0.243500448
392,Dexter,Male,33.36,A507,5/12/2018,15:44:18,1056,5.1,1.022,6.47,1/1/1985,Izzi,"DryLeaf,Ground,",,6/19/2018,6/19/2018,NA,NA,NA,NA,NA,0.082070803
393,Dexter,Male,33.4,A580,5/27/2018,11:54:00,136.5,1.235,1.005,2.51,1/1/1985,Izzi,"DryLeaf,",,6/19/2018,6/19/2018,NA,NA,NA,NA,NA,0.020210185
398,Django,Male,21.15,A260,2/24/2018,14:24:00,116.8,1.687,1.006,NA,1/1/1997,Izzi,"DryLeaf,Ground,",,6/22/2021,12-Dec-19,3,1.687,11.4,NA,NA,0.027579507
399,Django,Male,21.15,A267,2/25/2018,12:40:00,950.7,3.822,1.021,NA,1/1/1997,Izzi,"DryLeaf,LiveLeaf,",,6/22/2021,12-Dec-19,3,3.822,2.1,NA,NA,0.061565065
400,Django,Male,21.17,A307,3/4/2018,16:02:00,507.9,1.239,1.021,NA,1/1/1997,Izzi,Log,,6/22/2021,12-Dec-19,3,1.239,2.8,NA,NA,0.019957906
401,Django,Male,21.25,A360,4/1/2018,11:20:00,281.3,1.474,1.01,NA,1/1/1997,Izzi,"DryLeaf,LiveLeaf,",,6/23/2021,12-Dec-19,3,1.474,8.2,NA,NA,0.024001894
402,Django,Male,21.38,A544,5/19/2018,15:48:00,729.9,6.279,1.022,NA,1/1/1997,Izzi,"DryLeaf,",,6/23/2021,12-Dec-19,3,6.279,0.3,NA,NA,0.101043642
403,Django,Male,21.42,A620,6/2/2018,14:10:00,222.8,1.147,1.009,NA,1/1/1997,Izzi,"Ground,DryLeaf,",,6/23/2021,12-Dec-19,3,1.465,15.9,1.147,1.3,0.018695697
410,Dylan,Male,11.54,A199,2/7/2018,9:31:00,3455.7,24.392,1.018,NA,7/26/2006,Izzi,"DryLeaf,Ground,LiveLeaf,",,6/22/2021,13-Dec-19,4,24.392,14.3,NA,NA,0.394066064
412,Dylan,Male,11.72,A417,4/16/2018,14:40:00,953.3,5.028,1.005,NA,7/26/2006,Izzi,"LiveLeaf,",,6/23/2021,13-Dec-19,4,5.028,0.4,NA,NA,0.08228082
413,Dylan,Male,11.74,A452,4/22/2018,13:10:00,840.4,7.099,1.012,NA,7/26/2006,Izzi,"LiveLeaf,",,6/22/2021,13-Dec-19,4,7.099,2.2,NA,NA,0.115368187
414,Dylan,Male,11.82,A560,5/21/2018,14:15:00,575.1,7.289,1.009,NA,7/26/2006,Kevin,"DryLeaf,LiveLeaf,",,6/23/2021,13-Dec-19,4,7.289,1.2,NA,NA,0.118808137
415,Dylan,Male,11.84,A578,5/27/2018,11:00:00,2024.7,24.444,1.017,NA,7/26/2006,Izzi,"DryLeaf,LiveLeaf,",,6/23/2021,13-Dec-19,4,24.444,8.7,NA,NA,0.395294458
419,Elton,Male,12.99,A58,12/28/2017,9:10:00,676.8,0.786,1.006,NA,1/1/2005,Izzi,"LiveLeaf,DryLeaf,",,6/22/2021,13-Dec-19,4,0.786,5.1,NA,NA,0.012849729
420,Elton,Male,13.02,A64,1/8/2018,13:17:00,1150.2,4.521,1.011,NA,1/1/2005,Izzi,"DryLeaf,",,6/22/2021,13-Dec-19,4,4.521,3.2,NA,NA,0.073544933
421,Elton,Male,13.17,A299,3/3/2018,13:05:43,694.1,3.177,1.01,NA,1/1/2005,Izzi,"Bag,LiveLeaf,",,6/22/2021,13-Dec-19,4,3.177,3.6,NA,NA,0.051732712
422,Elton,Male,13.17,A301,3/3/2018,13:25:00,620,1.377,1.005,NA,1/1/2005,Izzi,"Bag,",,6/22/2021,13-Dec-19,4,1.377,0.1,NA,NA,0.022533948
423,Elton,Male,13.26,A391,4/8/2018,16:00:00,883.5,4.291,1.008,NA,1/1/2005,Izzi,"Bag,",,6/23/2021,13-Dec-19,4,4.291,0.2,NA,NA,0.070011178
425,Elton,Male,13.38,A554,5/21/2018,12:00:00,576.8,5.167,1.008,NA,1/1/2005,Izzi,"LiveLeaf,",,6/23/2021,13-Dec-19,4,5.167,5,NA,NA,0.084303835
426,Elton,Male,13.4,A579,5/27/2018,11:52:00,1601.3,21.53,1.019,NA,1/1/2005,Izzi,"Ground,",,6/23/2021,13-Dec-19,4,21.53,0.1,NA,NA,0.34748755
429,Erroll,Male,16.04,A91,1/15/2018,15:05:00,3115.1,24.442,1.042,NA,1/1/2002,Izzi,"DryLeaf,Ground,",Aaron recorded 15:07,6/22/2021,17-Dec-19,8,24.442,1.4,NA,NA,0.385778859
430,Erroll,Male,16.06,A120,1/22/2018,11:10:00,1083,6.047,1.016,NA,1/1/2002,Izzi,"DryLeaf,",,6/22/2021,17-Dec-19,8,6.047,3.6,NA,NA,0.097884892
431,Erroll,Male,16.06,A122,1/22/2018,11:56:00,649.5,2.675,1.01,NA,1/1/2002,Izzi,"DryLeaf,LiveLeaf,",,6/22/2021,17-Dec-19,8,2.675,0.5,NA,NA,0.04355839
432,Eubanks,Male,7.56,A332,3/27/2018,10:05:00,2366.5,19.542,1.014,NA,9/2/2010,Charles,"DryLeaf,",,6/23/2021,17-Dec-19,8,19.542,2.7,NA,NA,0.31695708
433,Eubanks,Male,7.71,A537,5/19/2018,11:04:00,5508.7,74.007,1.027,NA,9/2/2010,Izzi,"DryLeaf,LiveLeaf,",,6/23/2021,17-Dec-19,8,74.007,0.2,NA,NA,1.185145738
435,Evans,Male,21.9,A23,11/25/2017,9:58:00,367.3,2.178,1.008,NA,1/1/1996,Aaron,"DryLeaf,LiveLeaf,",Earlier at mucuso ,6/22/2021,16-Dec-19,7,2.178,0.1,NA,NA,0.035535853
436,Evans,Male,21.96,A38,12/16/2017,10:10:00,976,10.656,1.011,NA,1/1/1996,Aaron,"Ground,",,6/22/2021,16-Dec-19,7,10.656,2.1,NA,NA,0.173345455
437,Evans,Male,22.02,A63,1/7/2018,15:55:00,1082,4.206,1.031,NA,1/1/1996,Izzi,"DryLeaf,Ground,",,6/22/2021,16-Dec-19,7,4.206,0.1,NA,NA,0.067093432
438,Evans,Male,22.06,A131,1/23/2018,9:38:00,1338.9,18.001,1.018,NA,1/1/1996,Aaron,"Ground,",Alone ; need to label ,6/22/2021,16-Dec-19,7,18.001,0.2,NA,NA,0.290815973
440,Evans,Male,22.16,A282,2/28/2018,10:19:00,1339.1,14.104,1.009,NA,1/1/1996,Izzi,"LiveLeaf,",~2 hours after infanticide,6/22/2021,16-Dec-19,7,14.104,1.3,NA,NA,0.229890241
441,Evans,Male,22.23,A331,3/27/2018,8:35:00,126.4,1.135,1.004,NA,1/1/1996,Izzi,"DryLeaf,",Alone,6/23/2021,16-Dec-19,7,1.135,4.7,NA,NA,0.018592233
442,Evans,Male,22.24,A352,3/30/2018,15:30:00,172.3,0.952,1.007,NA,1/1/1996,Izzi,"DryLeaf,LiveLeaf,",,6/23/2021,16-Dec-19,7,0.952,1.1,NA,NA,0.015548084
443,Evans,Male,22.4,A572,5/25/2018,13:11:00,497.2,9.08,1.022,NA,1/1/1996,Izzi,"DryLeaf,",,6/23/2021,16-Dec-19,7,9.08,1,NA,NA,0.146118214
444,Evans,Male,22.42,A630,6/3/2018,12:04:00,495.6,5.252,1.017,NA,1/1/1996,Izzi,"DryLeaf,",,6/23/2021,16-Dec-19,7,5.252,2.9,NA,NA,0.084932355
448,Fleck,Male,11.62,A89,1/15/2018,13:55:00,5373.8,22.699,1.037,NA,6/1/2006,Izzi,"DryLeaf,LiveLeaf,",,6/22/2021,16-Dec-19,7,22.699,2.5,NA,NA,0.359995748
449,Fleck,Male,11.9,A466,4/25/2018,14:22:00,616.4,4.602,1.005,NA,6/1/2006,Aaron,"DryLeaf,LiveLeaf,",,6/22/2021,16-Dec-19,7,4.602,5.2,NA,NA,0.075309533
450,Fleck,Male,11.96,A528,5/18/2018,13:28:00,1555.6,32.489,1.015,NA,6/1/2006,Izzi,"DryLeaf,",,6/23/2021,16-Dec-19,7,32.489,0.1,NA,NA,0.526428878
451,Fleck,Male,11.96,A539,5/19/2018,11:50:00,3615.9,26.572,1.02,NA,6/1/2006,Izzi,"DryLeaf,LiveLeaf,",,6/23/2021,16-Dec-19,7,26.572,5.6,NA,NA,0.428443418
452,Fleck,Male,11.97,A555,5/21/2018,13:20:00,700.8,15.781,1.01,NA,6/1/2006,Izzi,"DryLeaf,LiveLeaf,",,6/23/2021,16-Dec-19,7,15.781,3.9,NA,NA,0.256970074
453,Fleck,Male,12,A621,6/2/2018,16:14:00,7134.4,52.529,1.026,NA,6/1/2006,Izzi,"DryLeaf,",,6/23/2021,16-Dec-19,7,52.529,2.6,NA,NA,0.842017612
454,Fleck,Male,12.01,A631,6/3/2018,12:23:00,2590.8,32.571,1.023,NA,6/1/2006,Izzi,"DryLeaf,LiveLeaf,",,6/23/2021,16-Dec-19,7,32.571,1.3,NA,NA,0.523630412
455,Garett,Male,29.04,A85,1/15/2018,10:00:00,909.2,53.009,1.012,3.941,1/1/1989,Izzi,"DryLeaf,LiveLeaf,",,6/20/2018,6/20/2018,NA,NA,NA,NA,NA,0.861466715
456,Garett,Male,29.08,A160,1/31/2018,12:43:00,1230,26.379,1.036,8.05,1/1/1989,Izzi,"DryLeaf,Ground,",,6/20/2018,13-Dec-19,5,26.379,1.6,NA,NA,0.418762685
457,Garett,Male,29.08,A160,1/31/2018,12:43:00,1230,30.571,1.036,8.05,1/1/1989,Izzi,"DryLeaf,Ground,",,6/20/2018,6/20/2018,NA,NA,NA,NA,NA,0.485310059
458,Garett,Male,29.15,A269,2/25/2018,13:55:00,130,1.893,1.004,NA,1/1/1989,Izzi,"DryLeaf,LiveLeaf,",,6/20/2018,6/20/2018,NA,NA,NA,NA,NA,0.031008896
459,Garett,Male,29.23,A333,3/27/2018,11:14:23,724.4,38.731,1.015,3.969,1/1/1989,Izzi,"DryLeaf,",,6/20/2018,6/20/2018,NA,NA,NA,NA,NA,0.62756985
460,Garett,Male,29.38,A536,5/19/2018,11:03:00,1412.4,80.548,1.02,5.386,1/1/1989,Izzi,"DryLeaf,LiveLeaf,",,6/20/2018,6/20/2018,NA,NA,NA,NA,NA,1.298745311
461,Garett,Male,29.4,A591,5/28/2018,15:28:00,429.4,12.472,1.01,2.972,1/1/1989,Izzi,"DryLeaf,Ground,",,6/20/2018,6/20/2018,NA,NA,NA,NA,NA,0.203087939
462,Garett,Male,29.42,A619,6/2/2018,12:39:00,855.6,49.876,1.021,4.102,1/1/1989,Izzi,"DryLeaf,LiveLeaf,",,6/20/2018,6/20/2018,NA,NA,NA,NA,NA,0.803406382
463,Garett,Male,29.42,A633,6/3/2018,13:11:00,720.2,36.835,1.018,3.823,1/1/1989,Izzi,"DryLeaf,LiveLeaf,",,6/20/2018,6/20/2018,NA,NA,NA,NA,NA,0.595089516
464,Garrison,Male,40.95,A37,12/13/2017,16:10:00,2036.4,20.585,1.03,3.155,1/1/1977,Aaron,"LiveLeaf,",,6/20/2018,6/20/2018,NA,NA,NA,NA,NA,0.328687395
466,Garrison,Male,41.06,A132,1/23/2018,15:25:00,1600,29.731,1.03,7.456,1/1/1977,Aaron,"DryLeaf,Ground,",Others in valley ,6/20/2018,6/20/2018,NA,NA,NA,NA,NA,0.474724554
467,Garrison,Male,41.09,A186,2/4/2018,11:27:00,2180.8,36.764,1.026,9.947,1/1/1977,Izzi,"DryLeaf,Ground,",,6/20/2018,6/20/2018,NA,NA,NA,NA,NA,0.589311342
469,Garrison,Male,41.41,A608,5/31/2018,13:48:00,358.8,7.818,1.017,3.481,1/1/1977,Izzi,"DryLeaf,",,6/20/2018,6/20/2018,NA,NA,NA,NA,NA,0.126428247
470,Gus,Male,9.72,O021,10/21/2016,11:45:00,2459.4,23.493,1.011,2.829,2/2/2007,Jeremy,"Leaf,",,6/20/2018,6/20/2018,NA,NA,NA,NA,NA,0.382170118
471,Gus,Male,9.86,O092,12/13/2016,9:30:00,3974.4,31.723,1.008,2.946,2/2/2007,Jeremy,"Ground,","8041 ID 
Urine came from leaf on ground ",6/20/2018,6/20/2018,NA,NA,NA,NA,NA,0.517586717
472,Gus,Male,10.15,O234,3/29/2017,11:55:00,5667.2,33.86,1.02,3.622,2/2/2007,Jeremy,"Leaf,",4575 ID ,6/20/2018,6/20/2018,NA,NA,NA,NA,NA,0.545954167
473,Gus,Male,10.17,O238,4/3/2017,9:15:00,6385,31.467,1.009,3.102,2/2/2007,Jeremy,"Ground,",4925 ID,6/20/2018,6/20/2018,NA,NA,NA,NA,NA,0.512901037
474,Gus,Male,10.85,A31,12/8/2017,11:40:00,915.8,17.436,1.007,0.631,2/2/2007,Izzi,"LiveLeaf,",Aaron present; Add party,6/20/2018,6/20/2018,NA,NA,NA,NA,NA,0.28476512
475,Gus,Male,10.95,A87,1/15/2018,21:35:00,1783.4,21.924,1.015,3.722,2/2/2007,Aaron,"DryLeaf,LiveLeaf,",,6/20/2018,6/20/2018,NA,NA,NA,NA,NA,0.355241058
476,Gus,Male,10.96,A106,1/17/2018,14:50:00,4552,39.173,1.029,5.066,2/2/2007,Aaron,"DryLeaf,Ground,",,6/20/2018,6/20/2018,NA,NA,NA,NA,NA,0.626095902
477,Gus,Male,11,A161,1/31/2018,13:25:00,6519.6,19.479,1.014,4.61,2/2/2007,Aaron,"DryLeaf,",,6/20/2018,6/20/2018,NA,NA,NA,NA,NA,0.315935266
478,Gus,Male,11.03,A222,2/11/2018,13:10:00,2718.4,20.48,1.019,4.229,2/2/2007,Aaron,"DryLeaf,Ground,",,6/20/2018,6/20/2018,NA,NA,NA,NA,NA,0.330540874
479,Gus,Male,11.07,A288,3/1/2018,16:43:36,883.8,12.548,1.014,3.113,2/2/2007,Izzi,"DryLeaf,",,6/20/2018,13-Dec-19,4,12.548,2.9,NA,NA,0.203519468
480,Gus,Male,11.07,A288,3/1/2018,16:43:36,1090.3,12.833,1.014,3.113,2/2/2007,Izzi,"DryLeaf,",,8/13/2021,6/20/2018,NA,NA,NA,NA,NA,0.208141961
481,Gus,Male,11.07,A288,3/1/2018,16:43:36,883.8,12.833,1.014,3.113,2/2/2007,Izzi,"DryLeaf,",,6/20/2018,6/20/2018,NA,NA,NA,NA,NA,0.208141961
482,Gus,Male,11.07,A288,3/1/2018,16:43:36,1090.3,12.548,1.014,NA,2/2/2007,Izzi,"DryLeaf,",,8/13/2021,13-Dec-19,4,12.548,2.9,NA,NA,0.203519468
483,Gus,Male,11.08,A298,3/3/2018,11:59:00,123.4,21.604,1.004,NA,2/2/2007,Izzi,,,6/20/2018,6/20/2018,NA,NA,NA,NA,NA,0.353891278
484,Gus,Male,11.2,A410,4/14/2018,14:35:00,466.8,9.933,1.007,NA,2/2/2007,Izzi,"Bag,",,6/20/2018,13-Dec-19,5,9.933,1.4,NA,NA,0.162225966
485,Gus,Male,11.2,A410,4/14/2018,14:35:00,466.8,11.953,1.007,NA,2/2/2007,Izzi,"Bag,",,6/20/2018,6/20/2018,NA,NA,NA,NA,NA,0.195216648
487,Gus,Male,11.29,A540,5/19/2018,12:39:00,3258.2,36.555,1.018,4.342,2/2/2007,Izzi,"DryLeaf,LiveLeaf,",,6/20/2018,13-Dec-19,5,36.555,0.1,NA,NA,0.590565964
488,Gus,Male,11.29,A540,5/19/2018,12:39:00,3258.2,34.235,1.018,4.342,2/2/2007,Izzi,"DryLeaf,LiveLeaf,",,6/20/2018,6/20/2018,NA,NA,NA,NA,NA,0.553085098
492,Haden,Male,19.03,A75,1/12/2018,14:23:00,688.8,6.116,1.025,NA,1/1/1999,Izzi,"DryLeaf,Ground,",,6/22/2021,17-Dec-19,8,6.116,4.2,NA,NA,0.098132534
493,Haden,Male,19.04,A93,1/15/2018,15:45:00,2553.3,6.433,1.038,NA,1/1/1999,Aaron,"Ground,","Aaron recorded DL,G, only G on tube",6/22/2021,17-Dec-19,8,6.433,0.9,NA,NA,0.101926146
494,Haden,Male,19.15,A264,2/25/2018,10:20:00,947.6,4.578,1.013,NA,1/1/1999,Izzi,"DryLeaf,LiveLeaf,",,6/22/2021,17-Dec-19,8,4.578,0.7,NA,NA,0.074325142
495,Haden,Male,19.15,A265,2/25/2018,11:03:00,949.7,8.82,1.018,NA,1/1/1999,Izzi,"DryLeaf,LiveLeaf,",,6/22/2021,17-Dec-19,8,8.82,5.8,NA,NA,0.142491911
496,Haden,Male,19.42,A636,6/3/2018,14:51:00,732.5,9.981,1.026,NA,1/1/1999,Izzi,"DryLeaf,",,6/23/2021,17-Dec-19,8,9.981,1.4,NA,NA,0.159991201
497,Herzog,Male,2.95,A102,1/17/2018,12:23:00,2202.7,32.559,1.019,NA,2/5/2015,Godfrey,,,6/22/2021,17-Dec-19,8,32.559,1,NA,NA,0.525492203
501,Hicks,Male,21.07,A149,1/28/2018,12:00:00,952.6,4.547,1.024,NA,1/1/1997,Izzi,"DryLeaf,",,6/22/2021,16-Dec-19,7,4.547,1.3,NA,NA,0.07302884
502,Hicks,Male,21.09,A176,2/3/2018,12:36:00,912.1,4.742,1.024,NA,1/1/1997,Izzi,"DryLeaf,",Vial3 partially collected from ground,6/22/2021,16-Dec-19,7,4.742,1.1,NA,NA,0.076160712
503,Hicks,Male,21.14,A246,2/20/2018,15:44:00,980.9,3.416,1.021,NA,1/1/1997,Izzi,"DryLeaf,",Limping; Right after hearing westerners call,6/22/2021,16-Dec-19,7,3.416,4.9,NA,NA,0.055025186
504,Hicks,Male,21.17,A306,3/4/2018,14:22:00,479.2,2.929,1.01,NA,1/1/1997,Izzi,"DryLeaf,",,6/22/2021,16-Dec-19,7,2.929,1.8,NA,NA,0.047694401
505,Hicks,Male,21.34,A485,5/4/2018,8:26:00,793.4,9.901,1.018,NA,1/1/1997,Izzi,"LiveLeaf,",,6/22/2021,16-Dec-19,7,9.901,2.4,NA,NA,0.159956055
507,Holland,Male,7.75,A428,4/18/2018,15:01:00,2222.6,15.731,1.028,NA,7/20/2010,Izzi,"LiveLeaf,Bag,",,6/22/2021,11-Dec-19,1,15.731,1.1,NA,NA,0.251670678
509,Jackson,Male,27.08,A163A,1/31/2018,16:25:00,543.2,2.555,1.028,5.313,1/1/1991,Izzi,"DryLeaf,Ground,",,6/19/2018,6/19/2018,NA,NA,NA,NA,NA,0.040875887
510,Jackson,Male,27.1,A198,2/7/2018,9:30:00,779.6,6.779,1.019,5.206,1/1/1991,Izzi,"DryLeaf,LiveLeaf,",,6/19/2018,6/19/2018,NA,NA,NA,NA,NA,0.109410966
511,Jackson,Male,27.13,A235,2/18/2018,15:50:00,926.4,3.285,1.02,6.234,1/1/1991,Izzi,"DryLeaf,",,6/19/2018,6/19/2018,NA,NA,NA,NA,NA,0.052966906
512,Jackson,Male,27.29,A420,4/16/2018,16:30:00,1053.6,8.163,1.028,6.559,1/1/1991,Izzi,"DryLeaf,LiveLeaf,",,6/19/2018,6/19/2018,NA,NA,NA,NA,NA,0.13059486
513,Jackson,Male,27.32,A478,4/29/2018,10:10:00,909.8,7.055,1.026,5.687,1/1/1991,Aaron,"DryLeaf,Ground,",,6/19/2018,6/19/2018,NA,NA,NA,NA,NA,0.113088661
514,Jackson,Male,27.32,A481,4/29/2018,14:54:00,276,2.47,1.008,2.842,1/1/1991,Izzi,"DryLeaf,LiveLeaf,",Right after charging Aaron,6/19/2018,6/19/2018,NA,NA,NA,NA,NA,0.040300072
516,Jarman,Male,11.81,O022,10/24/2016,9:45:00,3344.2,18.945,1.009,3.04,1/1/2005,Jeremy,"Leaf,",,6/20/2018,6/20/2018,NA,NA,NA,NA,NA,0.308796839
517,Jarman,Male,11.82,O027,10/26/2016,11:15:00,3540,28.625,1.013,3.45,1/1/2005,Jeremy,"Leaf,",,6/20/2018,6/20/2018,NA,NA,NA,NA,NA,0.464735077
520,Jarman,Male,11.98,O106,12/24/2016,9:15:00,5138.8,30.111,1.018,5.681,1/1/2005,Jeremy,"Leaf,",8887-89 ID ,6/20/2018,6/20/2018,NA,NA,NA,NA,NA,0.486459629
521,Jarman,Male,12.06,O128,1/23/2017,15:15:36,3853.2,9.74,1.027,5.828,1/1/2005,Jeremy,"Ground,",0083 ID . From leaves on ground ,6/20/2018,6/20/2018,NA,NA,NA,NA,NA,0.155976049
524,Jarman,Male,12.12,O164.2,2/13/2017,9:45:00,2412,14.675,1.011,3.182,1/1/2005,Jeremy,"Bag,",1459 ID ,6/20/2018,6/20/2018,NA,NA,NA,NA,NA,0.238724151
526,Jarman,Male,12.21,O209,3/19/2017,11:25:00,4356,14.25,1.02,3.842,1/1/2005,Jeremy,"Ground,",Very dirty,6/20/2018,6/20/2018,NA,NA,NA,NA,NA,0.229765118
527,Jarman,Male,12.21,O214,3/20/2017,12:30:00,1286.4,4.409,1.005,NA,1/1/2005,Jeremy,"Ground,",3866 ID ,6/20/2018,6/20/2018,NA,NA,NA,NA,NA,0.07215118
528,Jarman,Male,12.85,A14,11/8/2017,9:10:00,1152.4,19.882,1.006,2.596,1/1/2005,Aaron,"LiveLeaf,",Under a mucuso but I think it was distinctly his urine ,6/20/2018,6/20/2018,NA,NA,NA,NA,NA,0.32503602
529,Jarman,Male,12.99,A56,12/27/2017,12:38:00,1998.4,27.94,1.02,3.415,1/1/2005,Izzi,"DryLeaf,Ground,",,6/20/2018,6/20/2018,NA,NA,NA,NA,NA,0.450500869
530,Jarman,Male,13.04,A98,1/16/2018,14:21:00,4765.4,24.934,1.031,6.291,1/1/2005,Godfrey,,,6/20/2018,6/20/2018,NA,NA,NA,NA,NA,0.397743135
531,Jarman,Male,13.04,A99,1/16/2018,14:44:00,6069.4,31.949,1.038,NA,1/1/2005,Aaron,"DryLeaf,",,6/22/2021,17-Dec-19,8,31.949,0.6,NA,NA,0.506208367
532,Jarman,Male,13.08,A166,2/1/2018,9:51:00,1942.2,23.228,1.025,4.937,1/1/2005,Izzi,"DryLeaf,",,6/20/2018,6/20/2018,NA,NA,NA,NA,NA,0.372698251
533,Jarman,Male,13.11,A223,2/11/2018,17:00:00,1963,14.722,1.022,6.712,1/1/2005,Izzi,"DryLeaf,Ground,",,6/20/2018,6/20/2018,NA,NA,NA,NA,NA,0.236911052
535,Jarman,Male,13.23,A341,3/27/2018,16:17:00,1099,16.156,1.015,3.481,1/1/2005,Izzi,"LiveLeaf,DryLeaf,",,6/20/2018,6/20/2018,NA,NA,NA,NA,NA,0.261780447
536,Jarman,Male,13.24,A357,3/31/2018,11:52:00,1656.2,14.1,1.016,3.428,1/1/2005,Izzi,"DryLeaf,Ground,",,6/20/2018,6/20/2018,NA,NA,NA,NA,NA,0.228241602
538,Jarman,Male,13.38,A559,5/21/2018,14:45:00,553.8,9.372,1.01,2.582,1/1/2005,Izzi,"DryLeaf,",,6/20/2018,6/20/2018,NA,NA,NA,NA,NA,0.152609057
539,Jarman,Male,13.41,A599,5/30/2018,11:40:00,2224.8,30.701,1.019,3.673,1/1/2005,Kevin,"LiveLeaf,",,6/20/2018,6/20/2018,NA,NA,NA,NA,NA,0.495504657
540,Lovano,Male,18.12,A80,1/14/2018,12:10:00,1523,11.865,1.021,NA,12/1/1999,Nathan,"DryLeaf,",,6/22/2021,12-Dec-19,2,11.865,5.9,NA,NA,0.191122318
541,Lovano,Male,18.12,A92,1/15/2018,15:11:00,1358.3,3.982,1.025,NA,12/1/1999,Aaron,"DryLeaf,Ground,",Aaron also recorded LL,6/22/2021,12-Dec-19,2,3.982,3,NA,NA,0.063892046
542,Lovano,Male,18.12,A94,1/15/2018,15:47:00,502.4,3.2,1.014,NA,12/1/1999,Izzi,"DryLeaf,Ground,LiveLeaf,","Aaron recorded 15:40, Izzi didn't collect until 15:47",6/22/2021,12-Dec-19,2,3.2,1.5,NA,NA,0.051901681
543,Lovano,Male,18.17,A159,1/31/2018,12:00:00,1723.8,12.336,1.02,NA,12/1/1999,Izzi,"DryLeaf,Ground,LiveLeaf,",,6/22/2021,12-Dec-19,2,12.336,6.6,NA,NA,0.198904034
544,Lovano,Male,18.17,A170,2/1/2018,17:50:00,1080.8,5.186,1.026,NA,12/1/1999,Izzi,"DryLeaf,Ground,LiveLeaf,",,6/22/2021,12-Dec-19,2,5.186,5.9,NA,NA,0.083129383
545,Lovano,Male,18.23,A252,2/21/2018,12:37:00,582.9,1.928,1.009,NA,12/1/1999,Izzi,"DryLeaf,",Also collected fecal worms,6/22/2021,12-Dec-19,2,2.099,21,1.928,3.1,0.031425722
546,Lovano,Male,18.35,A382,4/7/2018,15:37:00,54.7,1.755,1.003,NA,12/1/1999,Izzi,"DryLeaf,LiveLeaf,",,6/23/2021,12-Dec-19,2,1.755,11.8,NA,NA,0.028777005
547,Lovano,Male,18.41,A482,4/29/2018,15:50:00,1032.6,6.447,1.024,NA,12/1/1999,Izzi,"DryLeaf,LiveLeaf,",,6/22/2021,12-Dec-19,2,6.447,1.3,NA,NA,0.103544519
548,Lumumba,Male,2.46,A484,5/3/2018,13:37:00,424.5,3.162,1.006,NA,11/16/2015,Izzi,"LiveLeaf,",,6/22/2021,16-Dec-19,7,3.162,4.8,NA,NA,0.051693185
549,Miles,Male,37.03,A76,1/12/2018,14:30:00,256.6,4.865,1.016,3.739,1/1/1981,Izzi,"DryLeaf,",,6/20/2018,13-Dec-19,5,4.865,12.3,NA,NA,0.078751447
550,Miles,Male,37.03,A76,1/12/2018,14:30:00,256.6,5.251,1.016,3.739,1/1/1981,Izzi,"DryLeaf,",,6/20/2018,6/20/2018,NA,NA,NA,NA,NA,0.084999763
551,Miles,Male,37.05,A113,1/20/2018,9:22:00,1068,15.725,1.021,4.502,1/1/1981,Alfred,"LiveLeaf,",,6/20/2018,6/20/2018,NA,NA,NA,NA,NA,0.25329949
552,Miles,Male,37.11,A210,2/10/2018,12:25:00,494.6,2.795,1.018,4.433,1/1/1981,Izzi,"DryLeaf,Ground,",,6/20/2018,6/20/2018,NA,NA,NA,NA,NA,0.04515475
553,Miles,Male,37.24,A347,3/29/2018,7:12:00,147.6,0.374,1.005,0.321,1/1/1981,Izzi,"Bag,",,6/20/2018,13-Dec-19,5,0.374,5.4,NA,NA,0.006120331
554,Miles,Male,37.24,A355,3/31/2018,11:24:00,381,0.837,1.011,3.212,1/1/1981,Izzi,"LiveLeaf,",,6/20/2018,13-Dec-19,5,0.837,2.9,NA,NA,0.013615817
555,Miles,Male,37.24,A347,3/29/2018,7:12:00,147.6,0.684,1.005,0.321,1/1/1981,Izzi,"Bag,",,6/20/2018,6/20/2018,NA,NA,NA,NA,NA,0.011193333
556,Miles,Male,37.24,A355,3/31/2018,11:24:00,381,1.2,1.011,3.212,1/1/1981,Izzi,"LiveLeaf,",,6/20/2018,6/20/2018,NA,NA,NA,NA,NA,0.019520885
558,Mitchell,Male,18.97,A45,12/19/2017,13:30:00,665.1,8.101,1.02,NA,1/1/1999,Aaron,"DryLeaf,",,6/22/2021,16-Dec-19,7,8.101,2,NA,NA,0.130619454
559,Mitchell,Male,18.99,A57,12/28/2017,8:35:00,2474.1,21.758,1.025,NA,1/1/1999,Izzi,"LiveLeaf,DryLeaf,",Others in party; maybe hicks? See who else comes down from tree ,6/22/2021,16-Dec-19,7,21.758,3,NA,NA,0.349111785
560,Mitchell,Male,19.09,A172,2/2/2018,9:50:00,1696.7,35.188,1.024,NA,1/1/1999,Aaron,"LiveLeaf,",,6/22/2021,16-Dec-19,7,35.188,3.8,NA,NA,0.565150388
561,Mitchell,Male,19.1,A202,2/7/2018,15:00:00,1328.3,8.759,1.034,NA,1/1/1999,Izzi,Log,,6/22/2021,16-Dec-19,7,8.759,0.6,NA,NA,0.139316768
562,Mitchell,Male,19.16,A283,2/28/2018,11:00:00,982.8,12.51,1.009,NA,1/1/1999,Izzi,"LiveLeaf,",~3 hours after infanticide,6/22/2021,16-Dec-19,7,12.51,0.2,NA,NA,0.203908602
563,Mitchell,Male,19.21,A320,3/18/2018,14:18:00,669.1,1.997,1.01,NA,1/1/1999,Aaron,"DryLeaf,",,6/22/2021,16-Dec-19,7,1.997,2.7,NA,NA,0.03251817
564,Mitchell,Male,19.32,A480,4/29/2018,14:32:00,329,2.025,1.007,NA,1/1/1999,Izzi,"LiveLeaf,",,6/22/2021,16-Dec-19,7,2.025,0.5,NA,NA,0.033072343
565,Mitchell,Male,19.34,A490,5/4/2018,15:27:00,771.1,3.749,1.027,NA,1/1/1999,Izzi,"LiveLeaf,",,6/22/2021,16-Dec-19,7,3.749,0.6,NA,NA,0.060036366
566,Mitchell,Male,19.36,A509,5/13/2018,11:10:00,61.4,1.017,1.004,NA,1/1/1999,Izzi,"DryLeaf,",,6/23/2021,16-Dec-19,7,1.017,2.5,NA,NA,0.016659296
567,Mitchell,Male,19.36,A518,5/14/2018,14:25:00,205.2,0.801,1.003,NA,1/1/1999,Izzi,"DryLeaf,LiveLeaf,",,6/23/2021,16-Dec-19,7,0.801,0.7,NA,NA,0.01313412
568,Mitchell,Male,19.4,A584,5/28/2018,11:00:00,354.3,3.784,1.008,NA,1/1/1999,Izzi,"LiveLeaf,",,6/23/2021,16-Dec-19,7,3.784,8.8,NA,NA,0.061739058
569,Monk,Male,45.92,A28,12/4/2017,13:20:00,715.6,9.217,1.019,3.069,1/1/1972,Izzi,"DryLeaf,",With Aaron ; centralers just met easterners ,6/20/2018,6/20/2018,NA,NA,NA,NA,NA,0.148759533
570,Monk,Male,46.09,A181,2/3/2018,16:14:00,NA,5.336,1.04,NA,1/1/1972,Izzi,"DryLeaf,",NA,NA,13-Dec-19,5,5.336,0.7,NA,NA,0.084382402
571,Monk,Male,46.09,A178,2/3/2018,14:01:00,1349.6,5.07,1.041,9.057,1/1/1972,Izzi,"DryLeaf,Ground,",,6/20/2018,6/20/2018,NA,NA,NA,NA,NA,0.080098915
572,Monk,Male,46.09,A180,2/3/2018,14:10:00,1248.8,4.046,1.035,7.738,1/1/1972,Aaron,"DryLeaf,Ground,",Izzi got one ten minutes earlier... makes us question one of our id ,6/20/2018,6/20/2018,NA,NA,NA,NA,NA,0.064291703
573,Monk,Male,46.09,A181A,2/3/2018,16:14:00,1068,5.542,1.04,8.513,1/1/1972,Izzi,"DryLeaf,",,6/20/2018,6/20/2018,NA,NA,NA,NA,NA,0.087640044
574,Monk,Male,46.11,A219,2/11/2018,12:27:00,619.4,5.915,1.025,6.871,1/1/1972,Izzi,"DryLeaf,Ground,",,6/20/2018,6/20/2018,NA,NA,NA,NA,NA,0.094907446
575,Monk,Male,46.15,A261,2/24/2018,15:35:32,103.8,0.579,1.004,NA,1/1/1972,Izzi,"DryLeaf,",,6/20/2018,6/20/2018,NA,NA,NA,NA,NA,0.009484496
576,Monk,Male,46.25,A365,4/2/2018,14:40:00,119.8,0.563,1.003,NA,1/1/1972,Izzi,"Bag,",,6/20/2018,13-Dec-19,5,0.563,5.3,NA,NA,0.009231598
577,Monk,Male,46.25,A365,4/2/2018,14:40:00,119.8,0.968,1.003,NA,1/1/1972,Izzi,"Bag,",,6/20/2018,6/20/2018,NA,NA,NA,NA,NA,0.015872445
578,Monk,Male,46.28,A402,4/13/2018,11:25:00,236.6,4.061,1.007,2.763,1/1/1972,Izzi,"LiveLeaf,DryLeaf,",,6/20/2018,6/20/2018,NA,NA,NA,NA,NA,0.066324338
579,Monk,Male,46.3,A444,4/21/2018,10:15:00,812.2,12.748,1.012,4.637,1/1/1972,Izzi,"DryLeaf,LiveLeaf,",,6/20/2018,6/20/2018,NA,NA,NA,NA,NA,0.207171946
580,Monk,Male,46.31,A454,4/22/2018,14:21:00,1228.2,5.404,1.029,6.93,1/1/1972,Izzi,"DryLeaf,",,6/20/2018,6/20/2018,NA,NA,NA,NA,NA,0.086371283
581,Monk,Male,46.42,A632,6/3/2018,12:41:03,703.2,9.815,1.02,4.006,1/1/1972,Izzi,"DryLeaf,",,6/20/2018,6/20/2018,NA,NA,NA,NA,NA,0.158255763
582,Morton,Male,33.85,A13,11/5/2017,11:52:00,2244.8,4.603,1.038,9.576,1/1/1984,Aaron,"DryLeaf,LiveLeaf,",Not out on ice ,6/19/2018,6/19/2018,NA,NA,NA,NA,NA,0.072931144
583,Morton,Male,34.03,A72,1/11/2018,9:52:00,992.7,8.77,1.022,4.294,1/1/1984,Izzi,"DryLeaf,LiveLeaf,",,8/13/2021,6/19/2018,NA,NA,NA,NA,NA,0.141129597
584,Morton,Male,34.03,A72,1/11/2018,9:52:00,1088.8,8.77,1.022,4.294,1/1/1984,Izzi,"DryLeaf,LiveLeaf,",,6/19/2018,6/19/2018,NA,NA,NA,NA,NA,0.141129597
585,Morton,Male,34.03,A77,1/12/2018,15:10:00,859,5.154,1.027,5.485,1/1/1984,Izzi,"DryLeaf,LiveLeaf,",,6/19/2018,6/19/2018,NA,NA,NA,NA,NA,0.082535992
586,Morton,Male,34.08,A158,1/31/2018,10:45:00,1677.8,7.064,1.031,9.393,1/1/1984,Izzi,"DryLeaf,LiveLeaf,",,6/19/2018,6/19/2018,NA,NA,NA,NA,NA,0.112683786
587,Morton,Male,34.1,A197,2/7/2018,9:00:00,761.6,3.748,1.018,4.668,1/1/1984,Izzi,"DryLeaf,LiveLeaf,",,6/19/2018,6/19/2018,NA,NA,NA,NA,NA,0.060550984
588,Morton,Male,34.14,A254,2/21/2018,14:30:00,404.2,1.32,1.019,4.635,1/1/1984,Izzi,"DryLeaf,",,8/13/2021,6/19/2018,NA,NA,NA,NA,NA,0.021304392
589,Morton,Male,34.14,A250,2/21/2018,10:20:00,921,2.883,1.02,5.148,1/1/1984,Izzi,"DryLeaf,",,6/19/2018,6/19/2018,NA,NA,NA,NA,NA,0.046485111
590,Morton,Male,34.14,A254,2/21/2018,14:30:00,498.6,1.32,1.019,4.635,1/1/1984,Izzi,"DryLeaf,",,6/19/2018,6/19/2018,NA,NA,NA,NA,NA,0.021304392
591,Morton,Male,34.15,A279,2/26/2018,15:07:00,400,0.667,1.017,3.471,1/1/1984,Izzi,"DryLeaf,LiveLeaf,",,6/19/2018,6/19/2018,NA,NA,NA,NA,NA,0.010786344
593,Morton,Male,34.26,A384,4/7/2018,16:30:00,259.6,0.736,1.003,NA,1/1/1984,Izzi,"DryLeaf,LiveLeaf,",,6/19/2018,6/19/2018,NA,NA,NA,NA,NA,0.012068305
594,Morton,Male,34.3,A449,4/21/2018,12:51:00,796,4.424,1.007,2.998,1/1/1984,Izzi,"DryLeaf,",,6/19/2018,6/19/2018,NA,NA,NA,NA,NA,0.072252861
595,Morton,Male,34.38,A546,5/20/2018,12:05:00,1104.7,9.141,1.023,5.292,1/1/1984,Aaron,"DryLeaf,",,6/19/2018,6/19/2018,NA,NA,NA,NA,NA,0.146956053
596,Morton(x)Morton??(y),Male,34.15,A278,2/26/2018,15:07:00,1089.9,4.395,1.009,NA,1/1/1984,Izzi,"DryLeaf,LiveLeaf,",,8/13/2021,6/19/2018,NA,NA,NA,NA,NA,0.071636955
597,Muhammad.Ali,Male,2.92,A498,5/6/2018,15:30:00,1228.1,6.158,1.003,NA,6/6/2015,Izzi,"DryLeaf,",Probably with others before I found them but not visible in grassland,6/22/2021,17-Dec-19,8,6.158,4,NA,NA,0.100973673
598,Mulligan,Male,29.04,A104,1/17/2018,13:58:00,502,5.616,1.023,5.254,1/1/1989,Godfrey,,,6/20/2018,6/20/2018,NA,NA,NA,NA,NA,0.090286095
600,Mulligan,Male,29.07,A147A,1/27/2018,17:40:00,544.4,6.335,1.01,3.029,1/1/1989,Izzi,"DryLeaf,LiveLeaf,",,6/20/2018,6/20/2018,NA,NA,NA,NA,NA,0.103156037
601,Mulligan,Male,29.08,A165,2/1/2018,9:38:00,2394.6,25.284,1.019,7.072,1/1/1989,Izzi,"DryLeaf,Ground,",,8/13/2021,6/20/2018,NA,NA,NA,NA,NA,0.40807595
602,Mulligan,Male,29.08,A165,2/1/2018,9:38:00,2228.8,25.284,1.019,7.072,1/1/1989,Izzi,"DryLeaf,Ground,",,6/20/2018,6/20/2018,NA,NA,NA,NA,NA,0.40807595
603,Mulligan,Male,29.08,A169,2/1/2018,14:05:00,1867.2,13.646,1.022,7.791,1/1/1989,Izzi,"DryLeaf,Ground,",,6/20/2018,6/20/2018,NA,NA,NA,NA,NA,0.219595721
604,Mulligan,Male,29.28,A411,4/15/2018,11:00:00,253.8,2.22,1.006,2.54,1/1/1989,Izzi,"LiveLeaf,",,6/20/2018,6/20/2018,NA,NA,NA,NA,NA,0.036293128
605,Mulligan,Male,29.3,A453,4/22/2018,14:20:00,252,2.994,1.009,2.611,1/1/1989,Izzi,"DryLeaf,LiveLeaf,",,6/20/2018,6/20/2018,NA,NA,NA,NA,NA,0.048801147
606,Mulligan,Male,29.36,A502,5/12/2018,8:45:00,236.4,5.184,1.004,0.268,1/1/1989,Izzi,"LiveLeaf,",,6/20/2018,6/20/2018,NA,NA,NA,NA,NA,0.084918181
607,Mulligan,Male,29.36,A519,5/14/2018,16:52:00,246.4,3.224,1.007,3.2,1/1/1989,Izzi,"DryLeaf,",,6/20/2018,6/20/2018,NA,NA,NA,NA,NA,0.052654436
608,Murray,Male,11.69,225,7/26/2016,15:30:00,10679,10.831,1.037,10.669,11/15/2004,Jacob,,,6/20/2018,6/20/2018,NA,NA,NA,NA,NA,0.171774702
609,Murray,Male,12.17,802,1/15/2017,17:31:00,1012,3.063,1.012,3.087,11/15/2004,Jacob,,,6/20/2018,6/20/2018,NA,NA,NA,NA,NA,0.049777822
610,Murray,Male,12.18,123.3,1/18/2017,10:20:00,1911.2,2.589,1.005,2.612,11/15/2004,Jeremy,"Bag,","9794-9797 ID. The pictures aren't great, but I'm positive this was Murray. Watched him for 2+ hours before he peed. 6 vials of 2ml each",6/20/2018,6/20/2018,NA,NA,NA,NA,NA,0.042367749
612,Murray,Male,13.02,A19,11/21/2017,8:48:00,3017.8,14.921,1.015,4.004,11/15/2004,Aaron,"DryLeaf,LiveLeaf,",,6/20/2018,6/20/2018,NA,NA,NA,NA,NA,0.241769377
613,Murray,Male,13.51,A549,5/20/2018,11:40:00,1374.4,12.188,1.017,4.182,11/15/2004,Izzi,"DryLeaf,",,6/20/2018,6/20/2018,NA,NA,NA,NA,NA,0.1970974
614,Murray,Male,13.54,A612,5/31/2018,18:00:00,1165.6,8.347,1.018,3.759,11/15/2004,Izzi,"DryLeaf,",,6/20/2018,6/20/2018,NA,NA,NA,NA,NA,0.134850338
615,Nelson,Male,9.77,O012,10/7/2016,12:25:00,1900.2,13.164,1.016,3.178,1/1/2007,Jeremy,"Leaf,",,6/20/2018,6/20/2018,NA,NA,NA,NA,NA,0.213090245
616,Nelson,Male,9.77,O015,10/7/2016,15:15:00,2594.2,27.906,1.017,3.178,1/1/2007,Jeremy,"Leaf,",,6/20/2018,6/20/2018,NA,NA,NA,NA,NA,0.451279952
617,Nelson,Male,9.86,562,11/12/2016,8:37:00,2934.2,52.659,1.011,2.963,1/1/2007,Natasha,,,6/20/2018,6/20/2018,NA,NA,NA,NA,NA,0.856625217
618,Nelson,Male,10.11,O160,2/10/2017,17:00:00,7850,24.534,1.024,4.326,1/1/2007,Jeremy,"Ground,",1262 ID ,6/20/2018,6/20/2018,NA,NA,NA,NA,NA,0.394037729
619,Nelson,Male,10.11,O161,2/10/2017,17:15:00,4194.8,21.767,1.018,3.243,1/1/2007,Jeremy,"Ground,",,6/20/2018,6/20/2018,NA,NA,NA,NA,NA,0.351657758
620,Nelson,Male,11.27,A387,4/8/2018,10:55:00,3457.4,26.851,1.018,7.347,1/1/2007,Aaron,"DryLeaf,LiveLeaf,",,6/20/2018,6/20/2018,NA,NA,NA,NA,NA,0.433792551
621,Nelson,Male,11.28,A398,4/12/2018,11:40:00,410.8,4.669,1.004,NA,1/1/2007,Izzi,"LiveLeaf,",,6/20/2018,13-Dec-19,5,4.669,5.2,NA,NA,0.076482058
622,Nelson,Male,11.28,A398,4/12/2018,11:40:00,410.8,5.889,1.004,NA,1/1/2007,Izzi,"LiveLeaf,",,6/20/2018,6/20/2018,NA,NA,NA,NA,NA,0.096466661
623,Nelson,Male,11.33,A483,5/2/2018,15:00:00,1963.6,32.314,1.022,4.143,1/1/2007,Izzi,"DryLeaf,",,6/20/2018,13-Dec-19,5,32.314,6.4,NA,NA,0.520007046
624,Nelson,Male,11.33,A483,5/2/2018,15:00:00,1963.6,35.215,1.022,4.143,1/1/2007,Izzi,"DryLeaf,",,6/20/2018,6/20/2018,NA,NA,NA,NA,NA,0.56669085
625,Nelson,Male,11.41,A600,5/30/2018,14:53:00,1589.2,33.944,1.021,3.29,1/1/2007,Kevin,"LiveLeaf,DryLeaf,",,6/20/2018,6/20/2018,NA,NA,NA,NA,NA,0.54677252
626,Nelson,Male,11.42,A637,6/3/2018,15:37:00,2495.8,44.31,1.022,3.634,1/1/2007,Izzi,"DryLeaf,Ground,",,6/20/2018,6/20/2018,NA,NA,NA,NA,NA,0.713050448
629,Orff,Male,11.76,O008.2,10/4/2016,10:50:00,4279.5,32.571,1.018,3.639,1/1/2005,Jeremy,"Bag (1-2),",Second vial labeled as 0009.2,6/18/2018,6/18/2018,NA,NA,NA,NA,NA,0.52620227
630,Orff,Male,11.78,O019,10/14/2016,16:30:00,4759,28.082,1.027,4.229,1/1/2005,Jeremy,"Leaf,",,6/18/2018,6/18/2018,NA,NA,NA,NA,NA,0.449704253
631,Orff,Male,11.83,462,11/1/2016,14:32:00,1024,8.909,1.006,NA,1/1/2005,Jacob,,,6/18/2018,6/18/2018,NA,NA,NA,NA,NA,0.14564661
632,Orff,Male,11.85,O036,11/7/2016,10:50:00,836.9,3.764,1.003,NA,1/1/2005,Jeremy,"Leaf,",ID by Jeremy Charles and Godfrey ,6/18/2018,6/18/2018,NA,NA,NA,NA,NA,0.061718887
633,Orff,Male,11.85,O046,11/9/2016,10:05:00,1599,7.253,1.006,NA,1/1/2005,Jeremy,"Leaf,",Confirmed by Rachna,6/18/2018,6/18/2018,NA,NA,NA,NA,NA,0.118573899
636,Orff,Male,11.88,O055.2,11/17/2016,10:50:00,5578,39.272,1.018,3.273,1/1/2005,Jeremy,"Bag,",5963 &75 ID,6/18/2018,6/18/2018,NA,NA,NA,NA,NA,0.63446058
639,Orff,Male,12.22,O217.2,3/23/2017,14:30:00,2671.8,14.547,1.012,3.088,1/1/2005,Jeremy,"V1: leaf
V2: bag",4055-57 ID ,6/18/2018,6/18/2018,NA,NA,NA,NA,NA,0.236408087
640,Orff,Male,12.24,1007,3/28/2017,15:55:00,13731.5,31.529,1.028,7.63,1/1/2005,Rebecca,,,6/18/2018,6/18/2018,NA,NA,NA,NA,NA,0.504413249
641,Orff,Male,12.27,O245,4/8/2017,14:25:00,7838,18.045,1.033,5.443,1/1/2005,Jeremy,"Ground,",5947 ID ,6/18/2018,6/18/2018,NA,NA,NA,NA,NA,0.287293611
642,Orff,Male,12.28,1086,4/13/2017,10:53:00,1726,11.42,1.009,NA,1/1/2005,Rebecca,,,6/18/2018,6/18/2018,NA,NA,NA,NA,NA,0.186141985
643,Orff,Male,12.28,1090,4/13/2017,13:30:00,1783.2,9.593,1.008,NA,1/1/2005,Rebecca,,,6/18/2018,6/18/2018,NA,NA,NA,NA,NA,0.156517649
655,PeeWee,Male,11.95,A95,1/15/2018,17:00:00,3536.3,26.483,1.029,NA,2/1/2006,Izzi,"DryLeaf,LiveLeaf,",,6/22/2021,12-Dec-19,3,26.483,1.9,NA,NA,0.423273626
656,PeeWee,Male,12.16,A359,4/1/2018,8:24:00,211.3,0.975,1.003,NA,2/1/2006,Izzi,"LiveLeaf,",,6/23/2021,12-Dec-19,3,0.975,1.9,NA,NA,0.015987225
657,PeeWee,Male,12.26,A495,5/6/2018,10:40:00,634.8,3.014,1.006,NA,2/1/2006,Aaron,"LiveLeaf,",,6/22/2021,12-Dec-19,3,3.014,4.5,NA,NA,0.049273643
658,PeeWee,Male,12.33,A626,6/3/2018,9:41:00,1464.3,28.42,1.016,NA,2/1/2006,Izzi,"DryLeaf,",,6/23/2021,12-Dec-19,3,28.42,4.4,NA,NA,0.460044421
659,Porkpie,Male,24.06,A121,1/22/2018,11:30:00,1557.9,18.175,1.03,NA,1/1/1994,Izzi,"DryLeaf,LiveLeaf,",,6/22/2021,13-Dec-19,4,18.175,0.1,NA,NA,0.290206141
660,Porkpie,Male,24.08,A168,2/1/2018,13:40:00,948.9,7.52,1.02,NA,1/1/1994,Izzi,"DryLeaf,Ground,",,6/22/2021,13-Dec-19,4,7.52,2.9,NA,NA,0.121251487
661,Porkpie,Male,24.08,A171,2/1/2018,17:55:00,955.3,8.721,1.024,NA,1/1/1994,Aaron,"DryLeaf,Ground,",,6/22/2021,13-Dec-19,4,8.721,6.6,NA,NA,0.14006697
662,Porkpie,Male,24.09,A182,2/3/2018,16:14:00,1296,16.839,1.035,NA,1/1/1994,Izzi,"DryLeaf,Ground,",,6/22/2021,13-Dec-19,4,16.839,1.3,NA,NA,0.267574887
663,Porkpie,Male,24.11,A211,2/10/2018,12:27:00,1050.2,13.127,1.025,NA,1/1/1994,Izzi,"DryLeaf,",,6/22/2021,13-Dec-19,4,13.127,1.7,NA,NA,0.210625536
664,Porkpie,Male,24.14,A248,2/20/2018,9:28:00,3045.3,20.079,1.016,NA,1/1/1994,Aaron,"DryLeaf,",,6/22/2021,13-Dec-19,4,20.079,1.8,NA,NA,0.325025754
665,Porkpie,Male,24.24,A346,3/28/2018,17:15:00,321.3,3.868,1.006,NA,1/1/1994,Izzi,Bag,,6/23/2021,13-Dec-19,4,3.868,3.4,NA,NA,0.063235053
666,Porkpie,Male,24.24,A346,3/28/2018,17:15:00,251.9,3.868,1.006,NA,1/1/1994,Izzi,Bag,,6/23/2021,13-Dec-19,4,3.868,3.4,NA,NA,0.063235053
667,Porkpie,Male,24.28,A407,4/13/2018,16:08:00,801.2,10.927,1.022,NA,1/1/1994,Izzi,"DryLeaf,LiveLeaf,",,6/23/2021,13-Dec-19,4,10.927,1.3,NA,NA,0.175840719
668,Porkpie,Male,24.29,A421,4/17/2018,10:21:00,93.7,1.074,1.003,NA,1/1/1994,Charles,,,6/23/2021,13-Dec-19,4,1.074,0.9,NA,NA,0.017610543
669,Porkpie,Male,24.42,A624,6/3/2018,9:00:00,773,19.288,1.016,NA,1/1/1994,Aaron,"DryLeaf,Ground,",,6/23/2021,13-Dec-19,4,16.275,16,19.288,2.2,0.312221562
670,Powell,Male,10.96,720,12/18/2016,10:38:00,2905.8,26.029,1.009,3.296,1/1/2006,Jacob,,,6/19/2018,6/19/2018,NA,NA,NA,NA,NA,0.424263549
672,Powell,Male,11.15,O176,2/24/2017,12:00:00,3580.8,9.73,1.011,2.705,1/1/2006,Jeremy,"Leaf,",2362 ID ,6/19/2018,6/19/2018,NA,NA,NA,NA,NA,0.158281839
673,Powell,Male,11.23,982,3/25/2017,10:45:00,3946.4,30.325,1.017,4.107,1/1/2006,Rebecca,,,6/19/2018,6/19/2018,NA,NA,NA,NA,NA,0.490398643
674,Powell,Male,11.23,987,3/25/2017,12:20:00,3132.8,20.032,1.017,3.671,1/1/2006,Rebecca,,,6/19/2018,6/19/2018,NA,NA,NA,NA,NA,0.323946104
675,Powell,Male,11.3,1110,4/20/2017,16:34:00,5508.6,26.632,1.024,4.997,1/1/2006,Rebecca,,,6/19/2018,6/19/2018,NA,NA,NA,NA,NA,0.427733464
676,Powell,Male,11.52,1529,7/9/2017,9:48:48,3426.6,29.554,1.017,3.381,1/1/2006,Rebecca,,,6/19/2018,6/19/2018,NA,NA,NA,NA,NA,0.47793047
677,Powell,Male,12.38,A542,5/19/2018,13:36:00,2059.4,20.227,1.016,3.722,1/1/2006,Izzi,"DryLeaf,LiveLeaf,Log,",,6/19/2018,6/19/2018,NA,NA,NA,NA,NA,0.327421482
678,Puccini,Male,8.59,O076,12/2/2016,11:55:00,1833,14.048,1.009,3.199,5/1/2008,Jeremy,"Leaf,",7264 ID ,6/19/2018,6/19/2018,NA,NA,NA,NA,NA,0.228977461
679,Puccini,Male,8.94,O247,4/8/2017,15:05:00,1643,6.539,1.007,NA,5/1/2008,Jeremy,"Leaf,",5966-69 ID ,6/19/2018,6/19/2018,NA,NA,NA,NA,NA,0.106795086
680,Puccini,Male,8.94,O253,4/9/2017,14:30:00,5440.4,15.914,1.036,7.115,5/1/2008,Jeremy,"Leaf,",6154-6160,6/19/2018,6/19/2018,NA,NA,NA,NA,NA,0.252632373
681,Puccini,Male,9,1155,5/2/2017,14:24:18,1293.6,4.471,1.003,NA,5/1/2008,Rebecca,,,6/19/2018,6/19/2018,NA,NA,NA,NA,NA,0.073311675
682,Puccini,Male,9.69,A65A,1/9/2018,9:40:00,2262.8,27.808,1.02,4.912,5/1/2008,Izzi,"DryLeaf,LiveLeaf,",,6/19/2018,13-Dec-19,5,27.808,4.4,NA,NA,0.448372519
683,Puccini,Male,9.69,A65A,1/9/2018,9:40:00,2262.8,28.731,1.02,4.912,5/1/2008,Izzi,"DryLeaf,LiveLeaf,",,6/19/2018,6/19/2018,NA,NA,NA,NA,NA,0.463254849
684,Puccini,Male,9.7,A79A,1/13/2018,14:35:00,1766.2,13.155,1.027,6.056,5/1/2008,Izzi,"DryLeaf,",,6/19/2018,13-Dec-19,5,13.155,2.8,NA,NA,0.210663751
685,Puccini,Male,9.7,A79A,1/13/2018,14:35:00,1766.2,12.506,1.027,6.056,5/1/2008,Izzi,"DryLeaf,",,6/19/2018,6/19/2018,NA,NA,NA,NA,NA,0.200270685
686,Puccini,Male,9.75,A156,1/30/2018,12:26:00,4152,19.272,1.028,7.201,5/1/2008,Izzi,"DryLeaf,Ground,",,6/19/2018,6/19/2018,NA,NA,NA,NA,NA,0.308320978
687,Puccini,Male,10.07,A588,5/28/2018,12:58:00,1795,16.461,1.01,3.266,5/1/2008,Izzi,"DryLeaf,LiveLeaf,",,6/19/2018,6/19/2018,NA,NA,NA,NA,NA,0.268042861
688,RichBergl,Male,5.4,73,5/1/2016,14:30:00,3587.6,33.533,1.021,3.963,12/6/2010,Jacob,,,6/20/2018,6/20/2018,NA,NA,NA,NA,NA,0.540152101
689,RichBergl,Male,5.63,221,7/25/2016,14:00:00,1342,12.337,1.021,3.162,12/6/2010,Jacob,,,6/20/2018,6/20/2018,NA,NA,NA,NA,NA,0.19872533
690,RichBergl,Male,5.93,O050,11/11/2016,12:40:00,2855.6,34.742,1.009,2.612,12/6/2010,Jeremy,"Leaf,","ID by Jeremy, confirmed by Alfred. He was only about 7m away and in clear sight",6/20/2018,6/20/2018,NA,NA,NA,NA,NA,0.566282385
691,RichBergl,Male,6.14,O129,1/24/2017,9:15:00,3960,29.753,1.016,3.397,12/6/2010,Jeremy,"Ground,",0135 ID ,6/20/2018,6/20/2018,NA,NA,NA,NA,NA,0.481622156
692,RichBergl,Male,7.05,A49,12/23/2017,13:03:00,875.8,13.013,1.009,2.836,12/6/2010,Izzi,"LiveLeaf,DryLeaf,",Post WGE,6/20/2018,6/20/2018,NA,NA,NA,NA,NA,0.212107325
693,RichBergl,Male,7.05,A50,12/23/2017,15:48:48,856.6,8.59,1.007,NA,12/6/2010,Izzi,"DryLeaf,",,6/20/2018,6/20/2018,NA,NA,NA,NA,NA,0.140292061
694,RichBergl,Male,7.13,A133A,1/23/2018,16:25:00,2683.6,27.75,1.023,4.003,12/6/2010,Aaron,"DryLeaf,",Transfer to extra tubes to make 1.8x2 plus 0.5??,6/20/2018,6/20/2018,NA,NA,NA,NA,NA,0.446125201
695,RichBergl,Male,7.17,A192,2/5/2018,17:20:00,735.8,3.639,1.004,NA,12/6/2010,Aaron,"Ground,",,6/20/2018,6/20/2018,NA,NA,NA,NA,NA,0.059609811
697,RichBergl,Male,7.36,A423,4/18/2018,10:30:00,2407.6,36.617,1.021,3.238,12/6/2010,Izzi,"LiveLeaf,Bag,",,6/20/2018,13-Dec-19,5,36.617,1.9,NA,NA,0.589829407
698,RichBergl,Male,7.36,A423,4/18/2018,10:30:00,2407.6,41.1,1.021,3.238,12/6/2010,Izzi,"LiveLeaf,Bag,",,6/20/2018,6/20/2018,NA,NA,NA,NA,NA,0.66204191
699,RichBergl,Male,7.37,A441,4/20/2018,16:40:00,996.2,20.648,1.019,3.186,12/6/2010,Izzi,"LiveLeaf,DryLeaf,",,6/20/2018,6/20/2018,NA,NA,NA,NA,NA,0.333252342
701,RichBergl,Male,7.44,A526,5/17/2018,16:05:00,1287.2,32.1,1.014,3.005,12/6/2010,Izzi,"LiveLeaf,DryLeaf,",,8/13/2021,6/20/2018,NA,NA,NA,NA,NA,0.52063874
702,RichBergl,Male,7.44,A526,5/17/2018,16:05:00,1387,32.1,1.014,3.005,12/6/2010,Izzi,"LiveLeaf,DryLeaf,",,6/20/2018,6/20/2018,NA,NA,NA,NA,NA,0.52063874
703,RichBergl,Male,7.45,A551,5/20/2018,12:59:00,2228.8,52.464,1.02,3.559,12/6/2010,Izzi,"DryLeaf,",,6/20/2018,6/20/2018,NA,NA,NA,NA,NA,0.845922605
704,Richmond,Male,31.07,A139,1/26/2018,13:20:00,850.8,2.364,1.006,2.748,1/1/1987,Charles,"Ground,",,6/18/2018,6/18/2018,NA,NA,NA,NA,NA,0.038647277
705,Richmond,Male,31.08,A154,1/30/2018,10:40:00,2813,10.124,1.037,9.495,1/1/1987,Charles,,,6/18/2018,6/18/2018,NA,NA,NA,NA,NA,0.160562005
706,Richmond,Male,31.3,A432,4/19/2018,12:05:00,479.5,2.252,1.004,2.511,1/1/1987,Izzi,"DryLeaf,",,6/18/2018,6/18/2018,NA,NA,NA,NA,NA,0.036889611
707,Richmond,Male,31.3,A455,4/22/2018,13:45:00,1054.8,4.707,1.017,6.408,1/1/1987,Aaron,"DryLeaf,",,6/18/2018,6/18/2018,NA,NA,NA,NA,NA,0.076118925
708,Richmond,Male,31.41,A601,5/31/2018,9:43:00,1695.4,18.36,1.019,4.404,1/1/1987,Izzi,"LiveLeaf,DryLeaf,",,6/18/2018,6/18/2018,NA,NA,NA,NA,NA,0.296324729
709,Rollins,Male,32.05,A112,1/18/2018,17:52:00,629.5,11.112,1.021,NA,1/1/1986,Aaron,"DryLeaf,",,6/22/2021,17-Dec-19,8,11.112,1.9,NA,NA,0.178992937
712,Rollins,Male,32.26,A374,4/6/2018,9:30:00,146.7,5.554,1.004,NA,1/1/1986,Izzi,"Bag,",Dilute after eating mucuso; centralers calling to east but no reaction ,6/23/2021,17-Dec-19,8,5.554,3.2,NA,NA,0.090979085
713,Salonen,Male,4.58,O110,12/30/2016,14:50:00,3692.2,10.271,1.016,3.132,6/1/2012,Jeremy,"Leaf,","9460-61
Was being carried by Sarah (see sample 0111)",6/14/2018,6/14/2018,NA,NA,NA,NA,NA,0.166260248
714,Salonen,Male,5.48,A24,11/25/2017,16:15:00,4191.6,25.675,1.026,3.345,6/1/2012,Aaron,"DryLeaf,LiveLeaf,",,6/14/2018,6/14/2018,NA,NA,NA,NA,NA,0.411559371
715,Salonen,Male,5.69,A207,2/10/2018,10:20:00,1576.5,9.432,1.021,3.067,6/1/2012,Izzi,"DryLeaf,",Collected 2 hours after urination,6/14/2018,6/14/2018,NA,NA,NA,NA,NA,0.15193137
716,Salonen,Male,5.69,A209,2/10/2018,12:24:00,1975.2,9.065,1.02,3.25,6/1/2012,Izzi,"DryLeaf,LiveLeaf,",,6/14/2018,6/14/2018,NA,NA,NA,NA,NA,0.146162863
718,Salonen,Male,6,A613,6/1/2018,12:00:00,2054.5,14.961,1.021,3.15,6/1/2012,Kevin,"LiveLeaf,",,6/14/2018,6/14/2018,NA,NA,NA,NA,NA,0.24099292
719,Silver,Male,7.1,A373,4/6/2018,9:36:28,381.4,4.95,1.003,NA,3/1/2011,Izzi,"LiveLeaf,",Dilute after eating mucuso,6/23/2021,11-Dec-19,1,4.95,0.7,NA,NA,0.081165911
720,Strayhorn,Male,7.2,A535,5/19/2018,10:41:00,3291.5,40.446,1.02,NA,3/7/2011,Izzi,"DryLeaf,",,6/23/2021,11-Dec-19,1,40.446,2.1,NA,NA,0.652145961
721,Strayhorn,Male,7.24,A635,6/3/2018,14:50:00,2458.3,37.204,1.022,NA,3/7/2011,Izzi,"DryLeaf,",,6/23/2021,11-Dec-19,1,37.204,3.8,NA,NA,0.598698463
722,Toshi,Male,6.6,A273,2/25/2018,15:31:00,2491.9,11.867,1.025,NA,7/20/2011,Izzi,"DryLeaf,LiveLeaf,",After grooming with DJ and Marlene,6/22/2021,17-Dec-19,8,11.867,5.1,NA,NA,0.190408565
723,Toshi,Male,6.73,A397,4/11/2018,12:07:00,796.4,2.633,1.011,NA,7/20/2011,Izzi,"LiveLeaf,",,6/23/2021,17-Dec-19,8,2.633,0.7,NA,NA,0.042832074
724,Toshi,Male,6.77,A464,4/25/2018,13:10:00,1250.6,7.723,1.013,NA,7/20/2011,Aaron,"Bag,",,6/22/2021,17-Dec-19,8,7.723,0.5,NA,NA,0.125385118
725,Wayne,Male,22.07,A135,1/25/2018,10:05:00,275.1,1.26,1.004,NA,1/1/1996,Izzi,"DryLeaf,LiveLeaf,",,6/22/2021,13-Dec-19,4,1.26,4.2,NA,NA,0.020639836
726,Wayne,Male,22.07,A143,1/26/2018,17:02:00,180.3,0.811,1.004,NA,1/1/1996,Izzi,Bag,,6/22/2021,13-Dec-19,4,0.811,1,NA,NA,0.013284847
727,Wayne,Male,22.23,A329,3/24/2018,16:10:00,1141.1,10.598,1.022,NA,1/1/1996,Izzi,"DryLeaf,LiveLeaf,",,6/22/2021,13-Dec-19,4,10.598,2.6,NA,NA,0.170546347
728,Wayne,Male,22.29,A422,4/18/2018,9:28:00,1240.1,22.784,1.01,NA,1/1/1996,Izzi,"LiveLeaf,",Could be Wayne or Buckner but saw Buckner in other tree,6/22/2021,13-Dec-19,4,22.784,0,NA,NA,0.371003495
729,Wayne,Male,22.3,A439,4/20/2018,14:06:00,1256,8.89,1.026,NA,1/1/1996,Izzi,"DryLeaf,LiveLeaf,",,6/22/2021,13-Dec-19,4,8.89,0.5,NA,NA,0.142502933
730,Wayne,Male,22.41,A595,5/30/2018,10:49:00,646.7,18.101,1.018,NA,1/1/1996,Izzi,"LiveLeaf,DryLeaf,",,6/23/2021,13-Dec-19,4,18.101,0.7,NA,NA,0.292431528
731,Wes,Male,20.51,A29,12/6/2017,10:25:00,529.7,5.574,1.006,NA,6/1/1997,Aaron,"DryLeaf,",Sg 1.006,6/22/2021,17-Dec-19,8,5.574,5.5,NA,NA,0.091125177
733,Wes,Male,20.88,A436,4/20/2018,9:50:00,974.7,20.132,1.013,NA,6/1/1997,Izzi,"LiveLeaf,",,6/22/2021,17-Dec-19,8,20.132,1.1,NA,NA,0.326848788
734,Williams,Male,10.4,A256,2/22/2018,9:56:00,2909.5,14.482,1.021,NA,10/1/2007,Aaron,"DryLeaf,LiveLeaf,",,6/22/2021,11-Dec-19,1,10.551,17.8,14.482,7.4,0.233277152
736,Wilson,Male,18.12,A73,1/12/2018,8:53:00,1031.2,7.844,1.015,NA,12/1/1999,Izzi,"DryLeaf,LiveLeaf,",,6/22/2021,16-Dec-19,6,7.844,0.1,NA,NA,0.127098652
737,Wilson,Male,18.12,A88,1/15/2018,11:18:00,1172.8,4.597,1.027,NA,12/1/1999,Izzi,"DryLeaf,LiveLeaf,",,6/22/2021,16-Dec-19,6,4.597,1.8,NA,NA,0.073616211
738,Wilson,Male,18.13,A108,1/17/2018,17:31:00,1393.8,13.877,1.033,NA,12/1/1999,Aaron,"Ground,",,6/22/2021,16-Dec-19,6,13.877,0.8,NA,NA,0.220935076
739,Wilson,Male,18.13,A96,1/16/2018,10:15:00,993.5,7.266,1.022,NA,12/1/1999,Aaron,"DryLeaf,Ground,",Big party; taylor in estrus ,6/22/2021,16-Dec-19,6,7.266,4.2,NA,NA,0.116926756
740,Wilson,Male,18.14,A123,1/22/2018,13:25:00,478.3,3.785,1.012,NA,12/1/1999,Izzi,"DryLeaf,",,6/22/2021,16-Dec-19,6,3.785,1.4,NA,NA,0.061511281
741,Wilson,Male,18.18,A179,2/3/2018,14:02:00,1441.6,12.781,1.039,NA,12/1/1999,Izzi,"DryLeaf,Ground,",,6/22/2021,16-Dec-19,6,12.781,3,NA,NA,0.202310624
742,Wilson,Male,18.21,A230,2/17/2018,15:07:00,1080.1,6.482,1.024,NA,12/1/1999,Izzi,"DryLeaf,Ground,",,6/22/2021,16-Dec-19,6,6.482,2,NA,NA,0.10410665
743,Wilson,Male,18.23,A251,2/21/2018,12:25:00,854.3,5.745,1.024,NA,12/1/1999,Izzi,"DryLeaf,",,6/22/2021,16-Dec-19,6,5.745,8.8,NA,NA,0.092269779
744,Wilson,Male,18.34,A364,4/2/2018,13:35:00,174.6,3.206,1.007,NA,12/1/1999,Izzi,"Bag,",,6/23/2021,16-Dec-19,6,3.206,1,NA,NA,0.05236046
745,Wilson,Male,18.37,A409,4/13/2018,16:20:00,863.3,10.341,1.024,NA,12/1/1999,Izzi,"LiveLeaf,",,6/23/2021,16-Dec-19,6,10.341,0.1,NA,NA,0.166085602
746,Wilson,Male,18.37,A415,4/16/2018,13:49:39,669.6,8.43,1.013,NA,12/1/1999,Izzi,"Bag,",,6/23/2021,16-Dec-19,6,8.43,3.1,NA,NA,0.136863465
747,Wilson,Male,18.4,A473,4/26/2018,12:50:00,393.3,4.538,1.01,NA,12/1/1999,Izzi,"LiveLeaf,DryLeaf,",,6/23/2021,16-Dec-19,6,4.538,3,NA,NA,0.073894569
748,Wilson,Male,18.5,A614,6/2/2018,7:35:00,924.5,15.117,1.021,NA,12/1/1999,Izzi,"DryLeaf,LiveLeaf,",,6/23/2021,16-Dec-19,6,15.117,3.6,NA,NA,0.24350578
749,YoYo,Male,10.22,X1_35,3/23/2016,9:33:00,6621.5,10.596,1.023,3.533,1/1/2006,Charles,,,6/18/2018,6/18/2018,NA,NA,NA,NA,NA,0.170347482
750,YoYo,Male,10.54,X2_205,7/16/2016,17:55:00,13806.5,24.709,1.021,4.449,1/1/2006,David,,,6/18/2018,6/18/2018,NA,NA,NA,NA,NA,0.398014442
751,YoYo,Male,10.95,O096,12/14/2016,14:00:00,7162.5,59.273,1.021,3.48,1/1/2006,Jeremy,"Leaf,",8295 ID ,6/18/2018,6/18/2018,NA,NA,NA,NA,NA,0.954773969
752,YoYo,Male,11.12,O168,2/15/2017,16:40:00,2959,9.742,1.018,2.934,1/1/2006,Jeremy,"Ground,",1681 ID ,6/18/2018,6/18/2018,NA,NA,NA,NA,NA,0.157387324
753,YoYo,Male,11.17,O191,3/4/2017,13:45:00,8572,10.019,1.016,4.25,1/1/2006,Jeremy,"V1: ground
V2: leaves ",3156 ID ,6/18/2018,6/18/2018,NA,NA,NA,NA,NA,0.162181037
754,YoYo,Male,11.18,926,3/6/2017,10:45:00,10735.5,22.66,1.023,8.793,1/1/2006,Rebecca,,,6/18/2018,6/18/2018,NA,NA,NA,NA,NA,0.36429539
755,YoYo,Male,11.26,1051,4/7/2017,9:10:00,7125.5,34.988,1.016,4.593,1/1/2006,Rebecca,,,6/18/2018,6/18/2018,NA,NA,NA,NA,NA,0.566362921
756,YoYo,Male,11.31,1124,4/24/2017,9:29:30,5948,26.546,1.014,3.879,1/1/2006,Rebecca,,,6/18/2018,6/18/2018,NA,NA,NA,NA,NA,0.430556885
757,YoYo,Male,11.86,A16,11/10/2017,16:36:00,6085.5,38.476,1.024,4.235,1/1/2006,Aaron,"LiveLeaf,",,6/18/2018,6/18/2018,NA,NA,NA,NA,NA,0.617958574
758,YoYo,Male,11.89,A20,11/21/2017,9:50:00,4018.1,51.816,1.02,3.574,1/1/2006,Aaron,"DryLeaf,LiveLeaf,",,6/18/2018,6/18/2018,NA,NA,NA,NA,NA,0.835474339
759,YoYo,Male,12.1,A205,2/8/2018,14:50:00,3061.8,19.611,1.019,3.604,1/1/2006,Izzi,"DryLeaf,Ground,",,6/18/2018,6/18/2018,NA,NA,NA,NA,NA,0.316515483
760,YoYo,Male,12.1,A206,2/8/2018,16:13:00,2737.2,13.333,1.019,4.026,1/1/2006,Aaron,"DryLeaf,Ground,",,6/18/2018,6/18/2018,NA,NA,NA,NA,NA,0.215190502
761,YoYo,Male,12.17,A311,3/5/2018,9:51:00,2478.8,21.511,1.016,3.727,1/1/2006,Izzi,"DryLeaf,",,6/18/2018,6/18/2018,NA,NA,NA,NA,NA,0.348206036
762,YoYo,Male,12.29,A426,4/18/2018,11:57:30,1211.6,12.331,1.007,NA,1/1/2006,Izzi,"DryLeaf,Ground,",,6/18/2018,6/18/2018,NA,NA,NA,NA,NA,0.201390152
763,YoYo,Male,12.37,A522,5/17/2018,10:37:06,1049.9,7.267,1.006,0.497,1/1/2006,Izzi,"Log,",,6/18/2018,6/18/2018,NA,NA,NA,NA,NA,0.118802774
764,YoYo,Male,12.41,A594,5/30/2018,10:30:00,2478.1,22.521,1.015,3.215,1/1/2006,Izzi,"DryLeaf,",,6/18/2018,6/18/2018,NA,NA,NA,NA,NA,0.364914425
765,YoYo,Male,12.41,A603,5/31/2018,10:10:00,2348.7,41.2,1.017,3.586,1/1/2006,Izzi,"DryLeaf,",,6/18/2018,6/18/2018,NA,NA,NA,NA,NA,0.666262954
766,Zawinul,Male,6.24,O205,3/9/2017,13:40:20,1724.1,5.078,1.01,NA,12/12/2010,Jeremy,"Ground,",3626 ID ,6/14/2018,6/14/2018,NA,NA,NA,NA,NA,0.082687665
767,Zawinul,Male,7.21,A262,2/25/2018,8:12:00,3727,47.171,1.013,3.27,12/12/2010,Izzi,"LiveLeaf,",,6/14/2018,6/14/2018,NA,NA,NA,NA,NA,0.765834701
768,Zawinul,Male,7.27,A321,3/22/2018,10:00:00,428.3,5.013,1.003,NA,12/12/2010,Charles,"LiveLeaf,",,6/14/2018,6/14/2018,NA,NA,NA,NA,NA,0.082198932
769,Zawinul,Male,7.29,A349,3/29/2018,13:50:00,1565.5,15.002,1.019,2.893,12/12/2010,Izzi,"DryLeaf,LiveLeaf,",,6/14/2018,6/14/2018,NA,NA,NA,NA,NA,0.242127646
770,Zawinul,Male,7.29,A350,3/29/2018,14:38:00,2006.3,20.561,1.022,2.791,12/12/2010,Izzi,"DryLeaf,LiveLeaf,",,6/14/2018,6/14/2018,NA,NA,NA,NA,NA,0.330874075
771,Zawinul,Male,7.37,A472,4/26/2018,12:23:00,633,9.7,1.006,NA,12/12/2010,Izzi,"LiveLeaf,",,6/14/2018,6/14/2018,NA,NA,NA,NA,NA,0.158578081
